NAME,Population,White Alone,White Alone %,Non-White Population: Race,Black or African American Alone,Black or African American Alone %,Black or African American Alone % Non-White Population,American Indian Alaska Native Alone,American Indian Alaska Native Alone %,American Indian Alaska Native Alone % Non-White Population,Asian Alone,Asian Alone %,Asian Alone % Non-White Population,Native Hawaiian Other Pacific Islander Alone,Native Hawaiian Other Pacific Islander Alone %,Native Hawaiian Other Pacific Islander Alone % Non-White Population,Some Other Race Alone,Some Other Race Alone %,Some Other Race Alone % Non-White Population,Two or More Races,Two or More Races %,Two or More Races % Non-White Population,Hispanic or Latino,Hispanic or Latino %,Not Hispanic or Latino,Not Hispanic or Latino %,Minority,Minority %,White Alone Not Hispanic or Latino,White Alone Not Hispanic or Latino %,Occupancy:Total Households,Occupancy:Occupied Units,Occupancy %:Occupied Units,Occupancy:Vacant Units,Occupancy %:Vacant Units,Group Quarters:Population,Group Quarters %:Population,Group Quarters:Institutionalized,Group Quarters %:Institutionalized,"Group Quarters:Institutionalized, Adults in Correctional Facility",Group Quarters % Institutionalized:Adults in Correctional Facility,Group Quarters %:Institutionalized Adults in Correctional Facility,"Group Quarters:Institutionalized, Juvenile Facility",Group Quarters % Institutionalized:Juvenile Facility,Group Quarters %:Institutionalized in Juvenile Facility,"Group Quarters:Institutionalized, Nursing or Skilled Nursing Facility",Group Quarters % Institutionalized:Nursing or Skilled Nursing Facility,Group Quarters %:Institutionalized in Nursing or Skilled Nursing Facility,"Group Quarters:Institutionalized, Other Facility",Group Quarters % Institutionalized:Other Facility,Group Quarters %:Institutionalized in Other Facility,Group Quarters:Noninstitutionalized,Group Quarters %:Noninstitutionalized,"Group Quarters:Noninstitutionalized, College or University Student Housing",Group Quarters % Noninstitutionalized:College or University Student Housing,Group Quarters %:Noninstitutionalized in College or University Student Housing,"Group Quarters:Noninstitutionalized, Military Quarters",Group Quarters % Noninstitutionalized:Military Quarters,Group Quarters %:Noninstitutionalized in Military Quarters,"Group Quarters:Noninstitutionalized, Other",Group Quarters % Noninstitutionalized:Other,Group Quarters %:Noninstitutionalized in Other,Square Miles,Square Acres,Population Per Square Mile,Population Per Square Acre,Housing Units Per Square Mile,Housing Units Per Square Acre
"Montgomery County, Tennessee",220069.0,137775.0,62.605364681077305,82294.0,44569.0,20.25228451076708,54.15826184168955,1154.0,0.5243809895987167,1.402289352808224,5202.0,2.363804079629571,6.321238486402411,1000.0,0.4544029372605864,1.2151554183780109,7890.0,3.585239174986027,9.587576251002504,22479.0,10.214523626680725,27.3154786497193,22934.0,10.42127696313429,197135.0,89.57872303686571,88775.0,40.339620755308566,131294.0,59.66037924469144,85714.0,79841.0,93.14814382714609,5873.0,6.85185617285391,4714.0,2.1420554462464043,1758.0,37.29316928298685,1084.0,61.66097838452787,22.995333050487908,32.0,1.8202502844141069,0.6788290199406024,642.0,36.51877133105802,13.619007212558335,0.0,0.0,0.0,2956.0,0.0,1450.0,49.05277401894452,30.75943996605855,1321.0,44.68876860622463,28.022910479423,1321.0,44.68876860622463,28.022910479423,539.1691882501193,345067.747776635,408.1631606476565,0.637755923055586,158.97421786691098,0.24839759888392504
"Rutherford County, Tennessee",341486.0,226227.0,66.24781103764137,115259.0,53977.0,15.806504512630092,46.8310500698427,1739.0,0.5092448885166596,1.508775887349361,12538.0,3.6716000070281054,10.87810930165974,254.0,0.0743807945274476,0.2203732463408497,19755.0,5.785010220038303,17.1396593758405,26996.0,7.905448539618022,23.422032118966847,38317.0,11.220664976016586,303169.0,88.77933502398342,122292.0,35.81171702500249,219194.0,64.1882829749975,131216.0,124465.0,94.85504816485796,6751.0,5.144951835142056,5723.0,1.6759105790574138,1851.0,32.34317665560021,774.0,41.81523500810373,13.524375327625371,43.0,2.323068611561318,0.7513541848680763,955.0,51.59373311723393,16.68705224532588,79.0,4.267963263101027,1.380394897780884,3872.0,1.380394897780884,2831.0,73.1146694214876,49.46706272933776,0.0,0.0,0.0,0.0,0.0,0.0,619.2664845180725,396329.93825136,551.4362694208331,0.8616205011073956,211.88939379161675,0.3310776889046931
"Sumner County, Tennessee",196281.0,158075.0,80.5350492406295,38206.0,15740.0,8.019115451826718,41.197717635973405,711.0,0.3622357742216516,1.8609642464534364,2956.0,1.506004147115615,7.737004658954091,119.0,0.0606273658683214,0.311469402711616,5321.0,2.7109093595406586,13.927131864105114,13359.0,6.80605866079753,34.96571219180233,12870.0,6.556926039708378,183411.0,93.44307396029164,41112.0,20.94548122334816,155169.0,79.05451877665183,78995.0,74472.0,94.27432115956708,4523.0,5.725678840432939,1612.0,0.8212715443675139,1377.0,85.42183622828784,572.0,41.539578794480754,35.483870967741936,25.0,1.815541031227306,1.5508684863523574,780.0,56.644880174291934,48.38709677419355,0.0,0.0,0.0,235.0,0.0,0.0,0.0,0.0,0.0,0.0,0.0,0.0,0.0,0.0,529.4591502386979,338853.33304292004,370.7198183495553,0.5792506103965002,149.19942353321574,0.2331244591594272
"Trousdale County, Tennessee",11615.0,8883.0,76.47869134739561,2732.0,1922.0,16.547567800258285,70.35139092240117,30.0,0.2582866982350409,1.0980966325036603,27.0,0.2324580284115368,0.9882869692532944,0.0,0.0,0.0,205.0,1.7649591046061126,7.503660322108345,548.0,4.718037021093414,20.05856515373353,375.0,3.228583727938012,11240.0,96.771416272062,2829.0,24.35643564356436,8786.0,75.64356435643565,3749.0,3469.0,92.53134169111765,280.0,7.468658308882368,2569.0,22.11795092552733,2549.0,99.22148695990658,2505.0,98.2738328756375,97.50875827170104,0.0,0.0,0.0,44.0,1.726167124362495,1.7127286882055277,0.0,0.0,0.0,20.0,0.0,0.0,0.0,0.0,0.0,0.0,0.0,0.0,0.0,0.0,114.34167779533756,73178.56081853001,101.58150749536769,0.15872135048956704,32.78769449850482,0.051230851742177085
"Williamson County, Tennessee",247726.0,203600.0,82.187578211411,44126.0,9876.0,3.9866626837715855,22.38136246204052,574.0,0.2317076124427795,1.3008203780084304,12953.0,5.228760808312409,29.354575533698952,117.0,0.0472296004456536,0.2651497983048543,5172.0,2.0877905427771006,11.720980827629967,15434.0,6.230270540839475,34.97711100031727,14261.0,5.756763520986897,233465.0,94.2432364790131,47318.0,19.10094216997812,200408.0,80.89905783002187,91133.0,86884.0,95.33758353176128,4249.0,4.662416468238728,1359.0,0.548589974407208,1252.0,92.12656364974244,189.0,15.095846645367413,13.90728476821192,28.0,2.2364217252396164,2.060338484179544,1035.0,82.66773162939297,76.15894039735099,0.0,0.0,0.0,107.0,0.0,0.0,0.0,0.0,0.0,0.0,0.0,0.0,0.0,0.0,582.8625980965194,373031.486908895,425.0161201096278,0.6640887128664873,156.35417386124473,0.24430377380517826
"Wilson County, Tennessee",147737.0,120782.0,81.7547398417458,26955.0,10191.0,6.89806886561931,37.80745687256539,601.0,0.4068039827531357,2.2296419959191245,3106.0,2.102384642980432,11.522908551289186,44.0,0.0297826543113776,0.1632350213318494,3827.0,2.590414046582779,14.197736969022444,9186.0,6.217805966007162,34.07902058987201,8375.0,5.668857496767905,139362.0,94.33114250323209,28848.0,19.52659117215051,118889.0,80.4734088278495,58152.0,55074.0,94.7069748245976,3078.0,5.293025175402394,1866.0,1.263055294205243,1057.0,56.64523043944266,381.0,36.04541154210029,20.418006430868168,17.0,1.608325449385052,0.9110396570203644,659.0,62.34626300851467,35.31618435155413,0.0,0.0,0.0,809.0,0.0,477.0,58.96168108776267,25.562700964630224,0.0,0.0,0.0,0.0,0.0,0.0,570.8707333938747,365356.70534726,258.792387414382,0.4043637295764988,101.86544273216013,0.15916499998194467
"Cheatham County, Tennessee",41072.0,36788.0,89.56953642384106,4284.0,819.0,1.9940592130892087,19.11764705882353,135.0,0.3286910790806389,3.1512605042016806,191.0,0.4650370081807557,4.458450046685341,26.0,0.0633034670821971,0.6069094304388423,780.0,1.899104012465913,18.207282913165265,2333.0,5.680268796260226,54.458450046685336,1839.0,4.4775029216984805,39233.0,95.52249707830153,4773.0,11.621055707051031,36299.0,88.37894429294897,16785.0,15706.0,93.57164134644027,1079.0,6.428358653559727,349.0,0.8497273081417998,224.0,64.18338108882521,80.0,35.714285714285715,22.922636103151863,0.0,0.0,0.0,144.0,64.28571428571429,41.26074498567336,0.0,0.0,0.0,125.0,0.0,0.0,0.0,0.0,0.0,0.0,0.0,0.0,0.0,0.0,302.5033608797871,193601.85208734,135.77369811875164,0.21214673081469854,55.48698682614059,0.0866985507578086
"Robertson County, Tennessee",72803.0,58467.0,80.30850377044902,14336.0,5168.0,7.098608573822506,36.049107142857146,335.0,0.4601458731096246,2.3367745535714284,460.0,0.631842094419186,3.2087053571428568,21.0,0.0288449651800063,0.146484375,3664.0,5.032759639025864,25.558035714285715,4688.0,6.439295083993792,32.700892857142854,6878.0,9.447412881337309,65925.0,90.5525871186627,15754.0,21.63921816408665,57049.0,78.36078183591336,28459.0,26885.0,94.46923644541268,1574.0,5.530763554587301,807.0,1.1084708047745286,690.0,85.50185873605948,477.0,69.1304347826087,59.10780669144982,0.0,0.0,0.0,213.0,30.869565217391305,26.394052044609666,0.0,0.0,0.0,117.0,0.0,0.0,0.0,0.0,0.0,0.0,0.0,0.0,0.0,0.0,476.3357183381389,304854.389112935,152.83968259612845,0.23881237272601552,59.74567706005549,0.09335276452082573
"Stewart County, Tennessee",13657.0,12463.0,91.25723072417075,1194.0,172.0,1.2594273998681995,14.40536013400335,78.0,0.5711356813355788,6.532663316582915,77.0,0.5638134290107637,6.448911222780569,2.0,0.0146445046496302,0.1675041876046901,122.0,0.8933147836274438,10.217755443886096,743.0,5.4404334773376295,62.22780569514238,336.0,2.4602767811378783,13321.0,97.53972321886212,1336.0,9.782529105952992,12321.0,90.217470894047,6669.0,5470.0,82.02129254760834,1199.0,17.978707452391664,235.0,1.7207292963315517,235.0,100.0,167.0,71.06382978723404,71.06382978723404,0.0,0.0,0.0,68.0,28.936170212765955,28.936170212765955,0.0,0.0,0.0,0.0,0.0,0.0,,0.0,0.0,,0.0,0.0,,0.0,459.7760596934994,294256.22394144,29.70359093751895,0.04641193248887025,14.504887454222294,0.02266392163493269
"Davidson County, Tennessee",715884.0,400622.0,55.961859742639874,315262.0,173092.0,24.17877756731537,54.90417494020846,3942.0,0.55064787032536,1.250388565700909,27869.0,3.892949137011025,8.83994899480432,354.0,0.0494493521296746,0.1122875576504621,56230.0,7.854624492236173,17.835958662953352,53775.0,7.511691838342524,17.057241278682493,98119.0,13.705991473478942,617765.0,86.29400852652105,329049.0,45.96401092914494,386835.0,54.03598907085505,328309.0,301236.0,91.75380510433769,27073.0,8.246194895662317,24801.0,3.4643880852205107,7230.0,29.15205032055159,4378.0,60.55325034578146,17.652514011531792,156.0,2.1576763485477177,0.6290068948832708,2497.0,34.53665283540802,10.068142413612357,199.0,2.752420470262794,0.8023870005241724,17571.0,0.8023870005241724,15112.0,86.005349723977,60.933026894076846,0.0,0.0,0.0,0.0,0.0,0.0,503.695143934959,322364.39446357003,1421.2644466003437,2.2207291260911917,651.8010029542667,1.0184406393464207
"Dickson County, Tennessee",54315.0,47609.0,87.65350271564024,6706.0,1962.0,3.612261806130903,29.257381449448257,242.0,0.4455491116634447,3.608708619147032,312.0,0.5744269538801436,4.652549955263942,11.0,0.0202522323483384,0.1640322099612287,1175.0,2.163306637208874,17.521622427676707,3004.0,5.53070054312805,44.79570533850284,2582.0,4.753751265764522,51733.0,95.24624873423548,7321.0,13.478781183835038,46994.0,86.52121881616497,22551.0,21154.0,93.80515276484414,1397.0,6.194847235155869,777.0,1.4305440486053578,582.0,74.9034749034749,294.0,50.51546391752577,37.83783783783784,0.0,0.0,0.0,105.0,18.04123711340206,13.513513513513514,183.0,31.443298969072163,23.552123552123557,195.0,23.552123552123557,0.0,0.0,0.0,0.0,0.0,0.0,0.0,0.0,0.0,489.89824044413047,313534.38986089,110.86996342497427,0.17323458528456373,46.03200856479048,0.07192512441778877
"Houston County, Tennessee",8283.0,7557.0,91.23505976095618,726.0,210.0,2.535313292285404,28.92561983471074,47.0,0.5674272606543523,6.473829201101928,16.0,0.1931667270312688,2.203856749311295,8.0,0.0965833635156344,1.1019283746556474,90.0,1.0865628395508875,12.396694214876034,355.0,4.285886756006278,48.89807162534435,202.0,2.438729928769769,8081.0,97.56127007123024,792.0,9.56175298804781,7491.0,90.4382470119522,3936.0,3311.0,84.1209349593496,625.0,15.879065040650406,176.0,2.1248339973439574,168.0,95.45454545454544,33.0,19.642857142857142,18.75,0.0,0.0,0.0,135.0,80.35714285714286,76.70454545454545,0.0,0.0,0.0,8.0,0.0,0.0,0.0,0.0,0.0,0.0,0.0,0.0,0.0,0.0,200.2936580827975,128187.743281265,41.354279907234854,0.0646161621070568,19.651146410102182,0.030704963666953466
"Humphreys County, Tennessee",18990.0,17270.0,90.94260136914166,1720.0,506.0,2.6645602948920484,29.418604651162788,43.0,0.2264349657714586,2.5,65.0,0.3422854133754607,3.77906976744186,0.0,0.0,0.0,177.0,0.9320695102685624,10.290697674418604,929.0,4.892048446550816,54.01162790697674,449.0,2.364402317008952,18541.0,97.63559768299103,1888.0,9.942074776197998,17102.0,90.057925223802,8849.0,7599.0,85.87411006893434,1250.0,14.125889931065656,441.0,2.322274881516588,404.0,91.60997732426304,78.0,19.306930693069308,17.687074829931973,243.0,60.148514851485146,55.10204081632652,83.0,20.544554455445542,18.820861678004537,0.0,0.0,0.0,37.0,0.0,0.0,0.0,0.0,0.0,0.0,0.0,0.0,0.0,0.0,530.7625627858806,339687.51578533504,35.778710352751304,0.05590432122916374,16.672238436624344,0.026050412772873618
"Maury County, Tennessee",100974.0,77837.0,77.08618060094678,23137.0,11349.0,11.239527006952285,49.05130310757661,417.0,0.4129775981935943,1.80230799152872,952.0,0.9428169627824984,4.114621601763409,49.0,0.0485273436726286,0.2117819942084107,3401.0,3.3681937924614256,14.69939923066949,6969.0,6.901776694990789,30.12058607425336,7660.0,7.586111276170103,93314.0,92.4138887238299,24792.0,24.552855190445065,76182.0,75.44714480955493,43143.0,39987.0,92.68479243446214,3156.0,7.315207565537863,1272.0,1.2597302275833384,1078.0,84.74842767295597,298.0,27.643784786641927,23.42767295597484,87.0,8.070500927643785,6.839622641509433,612.0,56.77179962894249,48.11320754716981,81.0,7.5139146567718,6.367924528301887,194.0,6.367924528301887,0.0,0.0,0.0,0.0,0.0,0.0,0.0,0.0,0.0,613.1387393994852,392408.187429725,164.6837714069332,0.2573187900624094,70.36417245834888,0.10994418919387691
GNRC,2089918.0,1436118.0,68.7164759574299,653800.0,318204.0,15.225669141085918,48.669929642092384,9631.0,0.4608314775986427,1.4730804527378405,65772.0,3.147109121027715,10.059957173447536,1956.0,0.0935921887844403,0.2991740593453655,104408.0,4.995794093356773,15.96940960538391,153829.0,7.360528020716603,23.52844906699297,207537.0,9.930389613372393,1882381.0,90.0696103866276,692087.0,33.11550979512115,1397831.0,66.88449020487886,864517.0,805566.0,93.18104791461592,58951.0,6.818952085384093,45429.0,2.173721648409172,19377.0,42.653371194611374,11012.0,56.8302626825618,24.240022892865788,544.0,2.807452133973267,1.197472979814656,7360.0,37.98317593022656,16.201105021021814,461.0,2.3791092532383757,1.014770300909111,26052.0,1.014770300909111,19870.0,76.27053585137418,43.7385810825684,1321.0,5.070627974819591,2.907834202821986,1321.0,5.070627974819591,2.907834202821986,5919.234576451814,3788304.280678375,353.0723395072419,0.5516763821373283,146.05216077079686,0.2282068535015329
GNRC Region,2190892.0,1513955.0,69.10221955258406,676937.0,329553.0,15.04195551400982,48.68296458902379,10048.0,0.4586259843022842,1.4843331063304266,66724.0,3.0455175334977715,9.85675180999118,2005.0,0.0915152367163694,0.2961870897882668,107809.0,4.920781124765621,15.926001976550255,160798.0,7.339385054124074,23.75376142831608,215197.0,9.822346331996282,1975695.0,90.17765366800371,716879.0,32.72087350722902,1474013.0,67.27912649277098,907660.0,845553.0,93.15745984179098,62107.0,6.842540158209021,46701.0,2.131597541092852,20455.0,43.79991863129269,11310.0,55.29210461989733,24.21789683304426,631.0,3.084820337325837,1.3511487976702854,7972.0,38.97335614764116,17.070298280550738,542.0,2.649718895135664,1.1605747200274084,26246.0,1.1605747200274084,19870.0,75.70677436561762,42.54726879510075,1321.0,5.033147908252686,2.828633219845399,1321.0,5.033147908252686,2.828633219845399,6532.3733158513,4180712.468108101,335.3898949228199,0.5240475198217698,138.94796823652044,0.21710653553047232
MPO,1822891.0,1245610.0,68.33156782276066,577281.0,279393.0,15.326917517284356,48.39809382259247,8319.0,0.4563629970195694,1.4410659626767557,60834.0,3.337226416719376,10.538022211020284,958.0,0.0525538828158129,0.1659503777189964,97370.0,5.341515208534136,16.867002378391113,130407.0,7.153856154866089,22.58986524760039,186480.0,10.229904037048842,1636411.0,89.77009596295116,609165.0,33.41752194728045,1213726.0,66.58247805271955,759407.0,709003.0,93.36271590859712,50404.0,6.637284091402897,37440.0,2.053880347206717,14535.0,38.82211538461539,7069.0,48.6343309253526,18.880876068376068,356.0,2.4492604059167524,0.9508547008547008,6751.0,46.44650842793258,18.031517094017094,359.0,2.469900240798074,0.9588675213675214,22905.0,0.9588675213675214,18420.0,80.41912246234446,49.19871794871795,0.0,0.0,0.0,0.0,0.0,0.0,3895.628567919748,2493198.4345566654,467.93244484635693,0.731145573787488,194.93824597490325,0.3045914795526638
Rutherford Unincorporated,96115.0,78678.0,81.85819070904645,17437.0,5681.0,5.910627893669043,32.58014566725927,360.0,0.374551318732768,2.0645753283248265,2186.0,2.274358840971753,12.536560188105751,49.0,0.0509805961608489,0.2810116419108792,2832.0,2.9464703740311085,16.241325916155304,6329.0,6.584820267388025,36.29638125824396,5945.0,6.185298860739739,90170.0,93.81470113926026,18657.0,19.4111220933257,77458.0,80.5888779066743,34682.0,33368.0,96.21129115967936,1314.0,3.788708840320628,207.0,0.2153670082713416,193.0,93.23671497584542,0.0,0.0,0.0,0.0,0.0,0.0,193.0,100.0,93.23671497584542,0.0,0.0,0.0,14.0,0.0,0.0,0.0,0.0,0.0,0.0,0.0,0.0,0.0,0.0,495.8221464030307,317325.68382172,193.84975176536912,0.30289070472467444,69.94846892500163,0.10929465142028985
Wilson Unincorporated,68464.0,60239.0,87.98638700630988,8225.0,2517.0,3.6763846693152606,30.601823708206688,225.0,0.328639869128301,2.735562310030395,510.0,0.7449170366908157,6.2006079027355625,19.0,0.0277518111708343,0.2310030395136778,1176.0,1.7176910493105866,14.297872340425531,3778.0,5.518228558074316,45.93313069908815,2592.0,3.7859312923580273,65872.0,96.21406870764196,8823.0,12.88706473475111,59641.0,87.1129352652489,26704.0,25332.0,94.86219292989814,1372.0,5.137807070101857,52.0,0.0759523253096517,6.0,11.538461538461538,0.0,0.0,0.0,6.0,100.0,11.538461538461538,0.0,0.0,0.0,0.0,0.0,0.0,46.0,0.0,0.0,0.0,0.0,0.0,0.0,0.0,0.0,0.0,0.0,504.7163401286776,323017.9590186,135.64847134242788,0.21195106367462904,52.90892700876656,0.08267032607453981
Cheatham Unincorporated,26176.0,23732.0,90.66320293398532,2444.0,322.0,1.2301344743276283,13.175122749590834,92.0,0.3514669926650366,3.764320785597381,94.0,0.3591075794621027,3.8461538461538463,11.0,0.042023227383863,0.4500818330605565,416.0,1.5892420537897312,17.02127659574468,1509.0,5.764822738386308,61.743044189852704,984.0,3.759168704156479,25192.0,96.24083129584352,2680.0,10.23838630806846,23496.0,89.76161369193154,10550.0,9854.0,93.40284360189574,696.0,6.597156398104266,114.0,0.4355134474327628,78.0,68.42105263157895,0.0,0.0,0.0,0.0,0.0,0.0,78.0,100.0,68.42105263157895,0.0,0.0,0.0,36.0,0.0,0.0,0.0,0.0,0.0,0.0,0.0,0.0,0.0,0.0,262.0127251955766,167687.885254515,99.90354468646973,0.1560995295531954,40.26521991298348,0.06291450323908204
Dickson Unincorporated,30622.0,27985.0,91.38854418392006,2637.0,543.0,1.7732349291359153,20.591581342434583,106.0,0.3461563581738619,4.019719378081152,112.0,0.3657501142969107,4.247250663632916,7.0,0.0228593821435569,0.2654531664770572,479.0,1.564234863823395,18.164580963215776,1390.0,4.539220168506303,52.71141448615852,1038.0,3.3897198092874405,29584.0,96.61028019071256,2923.0,9.54542485794527,27699.0,90.45457514205472,12512.0,11638.0,93.01470588235294,874.0,6.985294117647059,69.0,0.225328195415061,0.0,0.0,0.0,,0.0,0.0,,0.0,0.0,,0.0,0.0,,0.0,69.0,0.0,0.0,0.0,0.0,0.0,0.0,0.0,0.0,0.0,0.0,453.6255762465908,290319.92061214504,67.50501207046995,0.10547674419114243,27.582219026377114,0.04309728376068102
Humphreys Unincorporated,11246.0,10404.0,92.51289347323493,842.0,186.0,1.6539213942735196,22.09026128266033,19.0,0.1689489596300907,2.256532066508313,27.0,0.2400853636848657,3.20665083135392,0.0,0.0,0.0,114.0,1.0136937577805445,13.53919239904988,496.0,4.410457051396052,58.90736342042755,233.0,2.071847768095323,11013.0,97.92815223190468,922.0,8.198470567312823,10324.0,91.80152943268718,5337.0,4431.0,83.02417088251826,906.0,16.97582911748173,264.0,2.347501333807576,243.0,92.04545454545456,0.0,0.0,0.0,243.0,100.0,92.04545454545456,0.0,0.0,0.0,0.0,0.0,0.0,21.0,0.0,0.0,0.0,0.0,0.0,0.0,0.0,0.0,0.0,0.0,515.0611339497768,329638.616843365,21.834301326056934,0.03411614848919167,10.361876771933652,0.016190457450365993
Montgomery Unincorporated,53347.0,42797.0,80.22381764672802,10550.0,3912.0,7.333120887772508,37.08056872037915,240.0,0.4498847170412582,2.2748815165876777,1059.0,1.985116313944552,10.03791469194313,133.0,0.2493111140270306,1.2606635071090049,954.0,1.7882917502390012,9.04265402843602,4252.0,7.970457570247625,40.30331753554503,3263.0,6.1165576321067725,50084.0,93.88344236789324,11649.0,21.83627945339007,41698.0,78.16372054660992,19962.0,18713.0,93.743111912634,1249.0,6.256888087365995,418.0,0.7835492155135246,59.0,14.114832535885164,0.0,0.0,0.0,0.0,0.0,0.0,59.0,100.0,14.114832535885164,0.0,0.0,0.0,359.0,0.0,0.0,0.0,0.0,359.0,100.0,85.88516746411483,359.0,100.0,85.88516746411483,439.76841958340975,281451.35403869004,121.30702802746801,0.18954252390154283,45.392072534244036,0.07092522282644943
"Ashland City town, Tennessee",5193.0,4261.0,82.052763335259,932.0,310.0,5.969574427113422,33.261802575107296,17.0,0.3273637589062199,1.8240343347639485,33.0,0.635470826112074,3.540772532188841,11.0,0.2118236087040246,1.1802575107296138,220.0,4.236472174080493,23.605150214592275,341.0,6.566531869824764,36.587982832618025,426.0,8.203350664355865,4767.0,91.79664933564412,1018.0,19.603312150972464,4175.0,80.39668784902754,2311.0,2145.0,92.81696235395933,166.0,7.183037646040676,235.0,4.525322549585981,146.0,62.12765957446808,80.0,54.7945205479452,34.04255319148936,0.0,0.0,0.0,66.0,45.20547945205479,28.08510638297873,0.0,0.0,0.0,89.0,0.0,0.0,0.0,0.0,0.0,0.0,0.0,0.0,0.0,0.0,10.66807213912504,6827.555628900001,486.7796104372718,0.7605943154851531,216.6277064742028,0.3384813139006718
"Kingston Springs town, Tennessee",2824.0,2577.0,91.25354107648724,247.0,27.0,0.9560906515580736,10.931174089068826,10.0,0.3541076487252125,4.048582995951417,9.0,0.3186968838526912,3.643724696356275,0.0,0.0,0.0,56.0,1.9830028328611895,22.672064777327936,145.0,5.13456090651558,58.70445344129555,163.0,5.771954674220963,2661.0,94.22804532577904,310.0,10.977337110481583,2514.0,89.02266288951841,1148.0,1085.0,94.5121951219512,63.0,5.487804878048781,0.0,0.0,0.0,,0.0,,,0.0,,,0.0,,,0.0,,,0.0,,0.0,,,0.0,,,0.0,,,10.053323371098998,6434.1170247400005,280.9021351206461,0.43891026369917735,114.19109458870457,0.1784238607389007
"Pegram town, Tennessee",2072.0,1924.0,92.85714285714286,148.0,44.0,2.1235521235521237,29.72972972972973,1.0,0.0482625482625482,0.6756756756756757,8.0,0.3861003861003861,5.405405405405405,0.0,0.0,0.0,24.0,1.1583011583011582,16.216216216216218,71.0,3.4266409266409266,47.97297297297297,59.0,2.8474903474903472,2013.0,97.15250965250964,166.0,8.011583011583012,1906.0,91.988416988417,849.0,812.0,95.64193168433452,37.0,4.358068315665489,0.0,0.0,0.0,,0.0,,,0.0,,,0.0,,,0.0,,,0.0,,0.0,,,0.0,,,0.0,,,7.247633657257237,4638.478379925,285.8864145161717,0.44669821227742845,117.1416823958638,0.18303416130479572
"Pleasant View city, Tennessee",4807.0,4294.0,89.32806324110672,513.0,116.0,2.4131474932390264,22.612085769980503,15.0,0.3120449344705637,2.923976608187134,47.0,0.9777407946744332,9.161793372319687,4.0,0.0832119825254836,0.7797270955165692,64.0,1.3313917204077386,12.475633528265108,267.0,5.554399833576035,52.046783625731,207.0,4.30622009569378,4600.0,95.69377990430624,599.0,12.46099438319118,4208.0,87.53900561680882,1927.0,1810.0,93.92838609237155,117.0,6.071613907628437,0.0,0.0,0.0,,0.0,,,0.0,,,0.0,,,0.0,,,0.0,,0.0,,,0.0,,,0.0,,,12.52160651672924,8013.815799260001,383.89642683450444,0.5998390929379586,153.89399095279592,0.24045973207643978
"Belle Meade city, Tennessee",2901.0,2773.0,95.58772836952777,128.0,6.0,0.2068252326783868,4.6875,1.0,0.0344708721130644,0.78125,23.0,0.7928300586004825,17.96875,0.0,0.0,0.0,5.0,0.1723543605653223,3.90625,93.0,3.205791106514995,72.65625,52.0,1.7924853498793518,2849.0,98.20751465012066,143.0,4.929334712168218,2758.0,95.07066528783176,1130.0,1073.0,94.95575221238936,57.0,5.04424778761062,0.0,0.0,0.0,,0.0,,,0.0,,,0.0,,,0.0,,,0.0,,0.0,,,0.0,,,0.0,,,3.0701534761578517,1964.895191405,944.9039022083225,1.4764146264339104,368.05977576539277,0.5750942874423711
"Berry Hill city, Tennessee",2112.0,1747.0,82.71780303030303,365.0,115.0,5.445075757575758,31.506849315068493,12.0,0.5681818181818182,3.287671232876712,66.0,3.125,18.08219178082192,0.0,0.0,0.0,33.0,1.5625,9.04109589041096,139.0,6.581439393939394,38.08219178082192,123.0,5.823863636363636,1989.0,94.17613636363636,412.0,19.50757575757576,1700.0,80.49242424242425,1657.0,1446.0,87.2661436330718,211.0,12.733856366928183,3.0,0.1420454545454545,0.0,0.0,0.0,,0.0,0.0,,0.0,0.0,,0.0,0.0,,0.0,3.0,0.0,0.0,0.0,0.0,0.0,0.0,0.0,0.0,0.0,0.0,0.9057439262690542,579.67521793,2331.78488836217,3.643419512639989,1829.4353977349033,2.858497221801355
"Forest Hills city, Tennessee",5038.0,4677.0,92.83445811830092,361.0,44.0,0.8733624454148471,12.18836565096953,4.0,0.0793965859468042,1.10803324099723,110.0,2.1834061135371177,30.47091412742382,0.0,0.0,0.0,19.0,0.3771337832473204,5.263157894736842,184.0,3.6522429535529968,50.96952908587258,127.0,2.520841603811036,4911.0,97.47915839618896,400.0,7.939658594680429,4638.0,92.06034140531956,1894.0,1789.0,94.45617740232312,105.0,5.543822597676875,0.0,0.0,0.0,,0.0,,,0.0,,,0.0,,,0.0,,,0.0,,0.0,,,0.0,,,0.0,,,9.235961317739308,5911.0061181500005,545.476515836378,0.8523083717559694,205.06798749386658,0.3204192251103227
"Goodlettsville city, Tennessee",17789.0,10910.0,61.33003541514419,6879.0,4113.0,23.121029849907245,59.79066724814653,94.0,0.5284164371240655,1.3664776857101322,512.0,2.8781831468885266,7.442942288123273,42.0,0.2361009612681994,0.6105538595726123,712.0,4.002473438641857,10.350341619421426,1406.0,7.903760751025915,20.439017299026023,1650.0,9.275394906964978,16139.0,90.72460509303502,7141.0,40.14278486705267,10648.0,59.85721513294733,7784.0,7348.0,94.39876670092498,436.0,5.601233299075026,152.0,0.8544606217325313,148.0,97.36842105263158,0.0,0.0,0.0,0.0,0.0,0.0,148.0,100.0,97.36842105263158,0.0,0.0,0.0,4.0,0.0,0.0,0.0,0.0,0.0,0.0,0.0,0.0,0.0,0.0,14.432182082828987,9236.5822739,1232.592541994385,1.9259288200427493,539.3501797112988,0.8427359567829985
"Nashville-Davidson metropolitan government (balance), Tennessee",689447.0,380838.0,55.23818364573346,308609.0,169349.0,24.56301934739001,54.8749388384655,3839.0,0.5568230770458062,1.2439689056378784,27375.0,3.970573517616293,8.870447718634258,318.0,0.0461239225060084,0.1030430091150938,55554.0,8.057762235530795,18.00141927163498,52174.0,7.567514254177624,16.906182256512288,96349.0,13.974823300413233,593098.0,86.02517669958677,322050.0,46.711349820943454,367397.0,53.28865017905655,316363.0,290106.0,91.70035686853392,26257.0,8.29964313146607,24718.0,3.5851921902626307,7154.0,28.942471073711467,4378.0,61.1965334078837,17.711788979690912,156.0,2.180598266703942,0.6311190225746419,2421.0,33.841207715963094,9.794481754187233,199.0,2.781660609449259,0.8050813172586778,17564.0,0.8050813172586778,15112.0,86.03962650876792,61.1376324945384,0.0,0.0,0.0,0.0,0.0,0.0,475.78425325830784,304501.45200669504,1449.0748596206538,2.2641829635178268,664.9295302092386,1.0389539948500612
"Oak Hill city, Tennessee",4891.0,4520.0,92.41463913310162,371.0,59.0,1.2062972807196892,15.902964959568733,5.0,0.102228583111838,1.3477088948787064,82.0,1.6765487630341445,22.10242587601078,0.0,0.0,0.0,34.0,0.6951543651604989,9.164420485175205,191.0,3.905131874872214,51.482479784366575,137.0,2.8010631772643637,4754.0,97.19893682273565,411.0,8.40318953179309,4480.0,91.59681046820693,1874.0,1764.0,94.13020277481324,110.0,5.869797225186766,0.0,0.0,0.0,,0.0,,,0.0,,,0.0,,,0.0,,,0.0,,0.0,,,0.0,,,0.0,,,7.844720182040408,5020.613165860001,623.476667937422,0.9741837975605518,238.8867871017642,0.37326118107308814
"Ridgetop city, Tennessee",2155.0,1959.0,90.90487238979118,196.0,32.0,1.4849187935034802,16.3265306122449,7.0,0.3248259860788863,3.571428571428571,16.0,0.7424593967517401,8.16326530612245,2.0,0.0928074245939675,1.020408163265306,32.0,1.4849187935034802,16.3265306122449,107.0,4.965197215777263,54.59183673469388,66.0,3.062645011600928,2089.0,96.93735498839906,216.0,10.023201856148493,1939.0,89.97679814385151,898.0,857.0,95.43429844097996,41.0,4.565701559020044,0.0,0.0,0.0,,0.0,,,0.0,,,0.0,,,0.0,,,0.0,,0.0,,,0.0,,,0.0,,,3.027307719623558,1937.473949555,711.8536335209332,1.1122730194617385,296.6332078430617,0.46349010277338343
"Burns town, Tennessee",1573.0,1425.0,90.59122695486332,148.0,29.0,1.8436109345200251,19.594594594594597,10.0,0.6357279084551812,6.756756756756757,8.0,0.5085823267641449,5.405405405405405,2.0,0.1271455816910362,1.351351351351351,22.0,1.3986013986013983,14.864864864864863,77.0,4.895104895104895,52.02702702702703,68.0,4.322949777495232,1505.0,95.67705022250476,176.0,11.188811188811188,1397.0,88.81118881118881,675.0,658.0,97.48148148148148,17.0,2.5185185185185186,0.0,0.0,0.0,,0.0,,,0.0,,,0.0,,,0.0,,,0.0,,0.0,,,0.0,,,0.0,,,3.37753905713347,2161.62165953,465.72370397250444,0.7276944108443177,199.84965046499715,0.3122655609153938
"Charlotte town, Tennessee",1656.0,1460.0,88.16425120772948,196.0,117.0,7.065217391304348,59.693877551020414,4.0,0.2415458937198067,2.0408163265306123,5.0,0.3019323671497584,2.5510204081632653,0.0,0.0,0.0,18.0,1.0869565217391304,9.183673469387756,52.0,3.140096618357488,26.53061224489796,49.0,2.9589371980676327,1607.0,97.04106280193236,208.0,12.560386473429952,1448.0,87.43961352657004,572.0,518.0,90.55944055944056,54.0,9.44055944055944,294.0,17.753623188405797,294.0,100.0,294.0,100.0,100.0,0.0,0.0,0.0,0.0,0.0,0.0,0.0,0.0,0.0,0.0,0.0,0.0,,0.0,0.0,,0.0,0.0,,0.0,4.058232529431217,2597.26480927,408.0594169975019,0.637593823351976,140.94805949430622,0.22023168294524773
"Dickson city, Tennessee",16058.0,12709.0,79.14435172499688,3349.0,1240.0,7.722007722007722,37.025977903851896,102.0,0.6351974093909578,3.045685279187817,170.0,1.0586623489849296,5.076142131979696,1.0,0.0062274255822642,0.0298596595998805,588.0,3.661726242371403,17.55747984472977,1248.0,7.771827126665837,37.26485518065094,1277.0,7.952422468551501,14781.0,92.0475775314485,3594.0,22.381367542657863,12464.0,77.61863245734213,6936.0,6597.0,95.11245674740483,339.0,4.887543252595155,414.0,2.578154191057417,288.0,69.56521739130434,0.0,0.0,0.0,0.0,0.0,0.0,105.0,36.45833333333333,25.36231884057971,183.0,63.54166666666666,44.20289855072464,126.0,44.20289855072464,0.0,0.0,0.0,0.0,0.0,0.0,0.0,0.0,0.0,20.21964224161276,12940.551057465002,794.1782454959589,1.2409054242505877,343.03277561090863,0.5359895393325493
"Slayden town, Tennessee",170.0,162.0,95.2941176470588,8.0,3.0,1.7647058823529411,37.5,0.0,0.0,0.0,0.0,0.0,0.0,0.0,0.0,0.0,0.0,0.0,0.0,5.0,2.941176470588235,62.5,2.0,1.1764705882352942,168.0,98.82352941176472,9.0,5.294117647058823,161.0,94.70588235294116,93.0,87.0,93.5483870967742,6.0,6.451612903225806,0.0,0.0,0.0,,0.0,,,0.0,,,0.0,,,0.0,,,0.0,,0.0,,,0.0,,,0.0,,,1.5328039477226212,980.99301212,110.90785631951118,0.1732937930236803,60.67312139832082,0.09480189853648394
"Vanleer town, Tennessee",374.0,350.0,93.58288770053476,24.0,6.0,1.6042780748663104,25.0,0.0,0.0,0.0,2.0,0.53475935828877,8.333333333333332,1.0,0.267379679144385,4.166666666666666,3.0,0.8021390374331552,12.5,12.0,3.2085561497326207,50.0,14.0,3.7433155080213902,360.0,96.2566844919786,34.0,9.090909090909092,340.0,90.9090909090909,166.0,141.0,84.93975903614458,25.0,15.060240963855422,0.0,0.0,0.0,,0.0,,,0.0,,,0.0,,,0.0,,,0.0,,0.0,,,0.0,,,0.0,,,0.7879422271846565,504.282246905,474.6540889632408,0.7416481589336151,210.67534429919243,0.32918073364433187
"White Bluff town, Tennessee",3862.0,3518.0,91.09269808389436,344.0,24.0,0.6214396685655101,6.976744186046512,20.0,0.5178663904712585,5.813953488372093,15.0,0.3883997928534438,4.3604651162790695,0.0,0.0,0.0,65.0,1.6830657690315898,18.8953488372093,220.0,5.696530295183842,63.95348837209303,134.0,3.469704816157431,3728.0,96.53029518384255,377.0,9.761781460383222,3485.0,90.23821853961678,1597.0,1515.0,94.86537257357546,82.0,5.134627426424546,0.0,0.0,0.0,,0.0,,,0.0,,,0.0,,,0.0,,,0.0,,0.0,,,0.0,,,0.0,,,6.296504194454947,4029.756463455,613.356218106087,0.9583705702872252,253.6328017388454,0.39630186451286864
"Erin city, Tennessee",1224.0,1063.0,86.84640522875817,161.0,86.0,7.026143790849673,53.41614906832298,4.0,0.326797385620915,2.484472049689441,3.0,0.2450980392156862,1.8633540372670807,5.0,0.4084967320261438,3.1055900621118013,13.0,1.062091503267974,8.074534161490684,50.0,4.084967320261438,31.05590062111801,31.0,2.5326797385620914,1193.0,97.4673202614379,170.0,13.88888888888889,1054.0,86.11111111111111,534.0,475.0,88.95131086142321,59.0,11.04868913857678,135.0,11.029411764705882,135.0,100.0,0.0,0.0,0.0,0.0,0.0,0.0,135.0,100.0,100.0,0.0,0.0,0.0,0.0,0.0,0.0,,0.0,0.0,,0.0,0.0,,0.0,3.896277345801517,2493.6136517600003,314.1460146103143,0.49085390559042574,137.05389853097046,0.2141470470468034
"Tennessee Ridge town, Tennessee",1332.0,1229.0,92.26726726726729,103.0,18.0,1.351351351351351,17.475728155339805,7.0,0.5255255255255256,6.796116504854369,1.0,0.075075075075075,0.9708737864077668,1.0,0.075075075075075,0.9708737864077668,15.0,1.1261261261261262,14.563106796116504,61.0,4.57957957957958,59.22330097087378,37.0,2.7777777777777777,1295.0,97.2222222222222,114.0,8.558558558558559,1218.0,91.44144144144144,599.0,542.0,90.48414023372288,57.0,9.515859766277128,8.0,0.6006006006006006,0.0,0.0,0.0,,0.0,0.0,,0.0,0.0,,0.0,0.0,,0.0,8.0,0.0,0.0,0.0,0.0,0.0,0.0,0.0,0.0,0.0,0.0,3.749792503460599,2399.86349739,355.21965515977945,0.5550315680240282,159.7421722527837,0.24959752946425895
"McEwen city, Tennessee",1643.0,1532.0,93.24406573341447,111.0,9.0,0.5477784540474742,8.108108108108109,4.0,0.2434570906877662,3.603603603603604,6.0,0.3651856360316494,5.405405405405405,0.0,0.0,0.0,5.0,0.3043213633597078,4.504504504504505,87.0,5.295191722458917,78.37837837837837,33.0,2.008520998174072,1610.0,97.99147900182594,127.0,7.72976262933658,1516.0,92.27023737066342,807.0,709.0,87.85625774473358,98.0,12.143742255266416,0.0,0.0,0.0,,0.0,,,0.0,,,0.0,,,0.0,,,0.0,,0.0,,,0.0,,,0.0,,,1.8427474554986336,1179.35655087,891.603456077174,1.3931325507862524,437.9330426380276,0.6842714354744405
"New Johnsonville city, Tennessee",1804.0,1616.0,89.57871396895787,188.0,27.0,1.496674057649667,14.361702127659576,8.0,0.4434589800443459,4.25531914893617,9.0,0.4988913525498891,4.787234042553192,0.0,0.0,0.0,16.0,0.8869179600886918,8.51063829787234,128.0,7.095343680709535,68.08510638297872,39.0,2.161862527716186,1765.0,97.83813747228382,199.0,11.031042128603104,1605.0,88.9689578713969,790.0,716.0,90.63291139240506,74.0,9.367088607594935,0.0,0.0,0.0,,0.0,,,0.0,,,0.0,,,0.0,,,0.0,,0.0,,,0.0,,,0.0,,,5.145126708142285,3292.8760097850004,350.6230462983793,0.5478493555904607,153.54335176037674,0.23991185749249663
"Waverly city, Tennessee",4297.0,3718.0,86.52548289504306,579.0,284.0,6.6092622760065165,49.05008635578584,12.0,0.2792646032115429,2.072538860103627,23.0,0.5352571561554573,3.9723661485319512,0.0,0.0,0.0,42.0,0.9774261112404002,7.253886010362693,218.0,5.07330695834303,37.65112262521589,144.0,3.351175238538515,4153.0,96.64882476146148,640.0,14.89411217128229,3657.0,85.10588782871771,1915.0,1743.0,91.01827676240208,172.0,8.98172323759791,177.0,4.119152897370258,161.0,90.96045197740112,78.0,48.4472049689441,44.06779661016949,0.0,0.0,0.0,83.0,51.5527950310559,46.89265536723164,0.0,0.0,0.0,16.0,0.0,0.0,0.0,0.0,0.0,0.0,0.0,0.0,0.0,0.0,8.713554672462875,5576.666381315,493.1397301700132,0.7705320179090129,219.77253508856768,0.3433951161963602
"Columbia city, Tennessee",41690.0,27737.0,66.53154233629166,13953.0,7723.0,18.524826097385464,55.35010392030387,223.0,0.534900455744783,1.5982226044578225,432.0,1.0362197169585032,3.0961083637927325,21.0,0.0503717917965939,0.1505052676843689,2288.0,5.488126649076517,16.397907260087436,3266.0,7.834012952746463,23.407152583673764,4447.0,10.666826577116812,37243.0,89.33317342288318,14728.0,35.32741664667786,26962.0,64.67258335332214,18335.0,16821.0,91.7425688573766,1514.0,8.257431142623398,1059.0,2.5401775005996643,872.0,82.34183191690275,298.0,34.174311926605505,28.13975448536355,49.0,5.619266055045872,4.627006610009444,444.0,50.917431192660544,41.92634560906516,81.0,9.288990825688073,7.64872521246459,187.0,7.64872521246459,0.0,0.0,0.0,0.0,0.0,0.0,0.0,0.0,0.0,33.09931642526185,21183.52980978,1259.5426281426653,1.9680383946566158,553.9389322858184,0.8655309178706897
"Mount Pleasant city, Tennessee",4784.0,3474.0,72.61705685618729,1310.0,897.0,18.75,68.4732824427481,17.0,0.3553511705685618,1.297709923664122,31.0,0.6479933110367893,2.366412213740458,2.0,0.0418060200668896,0.1526717557251908,67.0,1.4005016722408026,5.114503816793893,296.0,6.187290969899665,22.595419847328245,135.0,2.82190635451505,4649.0,97.17809364548496,1344.0,28.093645484949832,3440.0,71.90635451505017,2124.0,1899.0,89.40677966101694,225.0,10.59322033898305,64.0,1.3377926421404682,60.0,93.75,0.0,0.0,0.0,0.0,0.0,0.0,60.0,100.0,93.75,0.0,0.0,0.0,4.0,0.0,0.0,0.0,0.0,0.0,0.0,0.0,0.0,0.0,0.0,12.576917581452324,8049.214826035,380.37937109925514,0.5943436848680274,168.8808077372111,0.26387666945227634
"Spring Hill city, Tennessee",50005.0,40708.0,81.4078592140786,9297.0,2987.0,5.973402659734027,32.12864364848876,155.0,0.30996900309969,1.6672044745616867,1098.0,2.195780421957804,11.81026137463698,35.0,0.06999300069993,0.3764655265139292,1291.0,2.581741825817418,13.886199849413789,3731.0,7.461253874612539,40.131225126384855,3933.0,7.865213478652135,46072.0,92.13478652134786,10383.0,20.76392360763924,39622.0,79.23607639236077,17939.0,17211.0,95.94180277607448,728.0,4.058197223925526,266.0,0.531946805319468,232.0,87.21804511278195,0.0,0.0,0.0,38.0,16.379310344827587,14.285714285714285,194.0,83.62068965517241,72.93233082706767,0.0,0.0,0.0,34.0,0.0,0.0,0.0,0.0,0.0,0.0,0.0,0.0,0.0,0.0,26.7758484004624,17136.516521545,1867.5411980274152,2.918037626674644,669.9694340848675,1.0468288568126476
"Clarksville city, Tennessee",166722.0,94978.0,56.96788666162834,71744.0,40657.0,24.386103813533907,56.66954727921498,914.0,0.5482179916267799,1.2739741302408565,4143.0,2.484974988303883,5.774698929527208,867.0,0.5200273509194947,1.208463425512935,6936.0,4.160218807355958,9.66770740410348,18227.0,10.932570386631635,25.40560883140053,19671.0,11.798682837298015,147051.0,88.20131716270198,77126.0,46.26024159978887,89596.0,53.73975840021114,65752.0,61128.0,92.96751429614308,4624.0,7.032485703856917,4296.0,2.576744520819088,1699.0,39.54841713221601,1084.0,63.80223660977046,25.23277467411545,32.0,1.883460859329017,0.74487895716946,583.0,34.314302530900534,13.5707635009311,0.0,0.0,0.0,2597.0,0.0,1450.0,55.83365421640354,33.75232774674116,962.0,37.04274162495187,22.39292364990689,962.0,37.04274162495187,22.39292364990689,99.40076866670957,63616.393737945,1677.2707317688687,2.6207395641880913,661.483818303923,1.0335700616864925
"Adams city, Tennessee",624.0,553.0,88.62179487179486,71.0,22.0,3.525641025641025,30.985915492957744,7.0,1.1217948717948718,9.859154929577464,2.0,0.3205128205128205,2.8169014084507045,0.0,0.0,0.0,11.0,1.7628205128205128,15.492957746478872,29.0,4.647435897435898,40.845070422535215,16.0,2.564102564102564,608.0,97.43589743589745,74.0,11.858974358974358,550.0,88.14102564102564,250.0,232.0,92.8,18.0,7.199999999999999,19.0,3.0448717948717947,19.0,100.0,0.0,0.0,0.0,0.0,0.0,0.0,19.0,100.0,100.0,0.0,0.0,0.0,0.0,0.0,0.0,,0.0,0.0,,0.0,0.0,,0.0,2.390552286866642,1529.95110171,261.0275472442783,0.4078561722022135,104.57834424850894,0.16340391514511757
"Cedar Hill city, Tennessee",301.0,239.0,79.40199335548172,62.0,22.0,7.308970099667775,35.483870967741936,2.0,0.6644518272425249,3.225806451612903,2.0,0.6644518272425249,3.225806451612903,0.0,0.0,0.0,16.0,5.3156146179402,25.806451612903224,20.0,6.64451827242525,32.25806451612903,25.0,8.305647840531561,276.0,91.69435215946844,68.0,22.591362126245848,233.0,77.40863787375415,123.0,110.0,89.43089430894308,13.0,10.569105691056912,0.0,0.0,0.0,,0.0,,,0.0,,,0.0,,,0.0,,,0.0,,0.0,,,0.0,,,0.0,,,0.6440091340095948,412.16520948,467.3846753166012,0.7302896825759521,190.991079946651,0.29842402311243227
"Coopertown town, Tennessee",4480.0,3937.0,87.87946428571428,543.0,143.0,3.1919642857142856,26.335174953959484,19.0,0.4241071428571428,3.4990791896869244,25.0,0.5580357142857143,4.6040515653775325,5.0,0.1116071428571428,0.9208103130755064,85.0,1.8973214285714284,15.65377532228361,266.0,5.9375,48.98710865561694,212.0,4.732142857142857,4268.0,95.26785714285714,611.0,13.638392857142856,3869.0,86.36160714285714,1665.0,1613.0,96.87687687687688,52.0,3.123123123123123,0.0,0.0,0.0,,0.0,,,0.0,,,0.0,,,0.0,,,0.0,,0.0,,,0.0,,,0.0,,,31.59965664513563,20223.749032175,141.7736923635099,0.22152173629491437,52.690445934206245,0.08232894886853402
"Cross Plains city, Tennessee",1789.0,1546.0,86.4169927333706,243.0,83.0,4.639463387367244,34.15637860082305,1.0,0.0558971492453884,0.411522633744856,6.0,0.3353828954723309,2.469135802469136,0.0,0.0,0.0,28.0,1.5651201788708775,11.522633744855968,125.0,6.987143655673561,51.440329218107,69.0,3.856903297931805,1720.0,96.1430967020682,253.0,14.141978759083289,1536.0,85.85802124091671,701.0,659.0,94.00855920114122,42.0,5.991440798858773,0.0,0.0,0.0,,0.0,,,0.0,,,0.0,,,0.0,,,0.0,,0.0,,,0.0,,,0.0,,,8.689242977845458,5561.10692078,205.88675038335637,0.32169854410011506,80.67446172092387,0.12605404103643414
"Greenbrier town, Tennessee",6898.0,6076.0,88.08350246448245,822.0,199.0,2.884894172223833,24.20924574209246,19.0,0.2754421571469991,2.3114355231143557,95.0,1.3772107857349958,11.557177615571776,1.0,0.0144969556393157,0.121654501216545,110.0,1.5946651203247315,13.381995133819952,398.0,5.769788344447666,48.41849148418492,300.0,4.349086691794723,6598.0,95.65091330820528,902.0,13.0762539866628,5996.0,86.9237460133372,2624.0,2546.0,97.02743902439023,78.0,2.972560975609756,0.0,0.0,0.0,,0.0,,,0.0,,,0.0,,,0.0,,,0.0,,0.0,,,0.0,,,0.0,,,7.268204408060463,4651.643640115,949.0652178618003,1.4829166921801138,361.0245189430797,0.5641016816875353
"Millersville city, Tennessee",6299.0,4868.0,77.28210827115414,1431.0,544.0,8.636291474837275,38.01537386443047,23.0,0.3651373233846642,1.6072676450034942,55.0,0.8731544689633275,3.843466107617051,9.0,0.142879822193999,0.628930817610063,337.0,5.350055564375298,23.54996505939902,463.0,7.350373075091285,32.3549965059399,755.0,11.986029528496584,5544.0,88.01397047150341,1687.0,26.78202889347516,4612.0,73.21797110652484,2580.0,2451.0,95.0,129.0,5.0,0.0,0.0,0.0,,0.0,,,0.0,,,0.0,,,0.0,,,0.0,,0.0,,,0.0,,,0.0,,,13.838485148895726,8856.616822760001,455.1798793166782,0.7112196593864871,186.43659130608503,0.2913076236255178
"Portland city, Tennessee",13156.0,11051.0,83.99969595621769,2105.0,608.0,4.621465491030709,28.883610451306414,55.0,0.4180602006688963,2.6128266033254155,72.0,0.5472788081483734,3.4204275534441804,2.0,0.0152021891152325,0.0950118764845605,389.0,2.95682578291274,18.47980997624703,979.0,7.441471571906355,46.5083135391924,955.0,7.259045302523563,12201.0,92.74095469747644,2329.0,17.702949224688354,10827.0,82.29705077531165,5084.0,4823.0,94.86624704956726,261.0,5.13375295043273,62.0,0.4712678625722104,10.0,16.129032258064516,0.0,0.0,0.0,0.0,0.0,0.0,10.0,100.0,16.129032258064516,0.0,0.0,0.0,52.0,0.0,0.0,0.0,0.0,0.0,0.0,0.0,0.0,0.0,0.0,14.502122558339527,9281.344109125,907.1775491536284,1.4174671087849886,350.56937214176395,0.5477654895912801
"Springfield city, Tennessee",18782.0,10439.0,55.579810456820354,8343.0,3828.0,20.381216057927805,45.88277597986336,185.0,0.9849856245341284,2.217427783770826,115.0,0.6122883611968906,1.3784010547764594,6.0,0.0319454797146203,0.0719165767709457,2552.0,13.58747737195187,30.588517319908902,1657.0,8.822276647854329,19.860961284909507,4388.0,23.362794164625704,14394.0,76.63720583537429,9092.0,48.40805026088809,9690.0,51.59194973911192,7351.0,6921.0,94.15045572031016,430.0,5.849544279689838,705.0,3.753593866467895,622.0,88.22695035460994,477.0,76.68810289389067,67.65957446808511,0.0,0.0,0.0,145.0,23.311897106109324,20.56737588652482,0.0,0.0,0.0,83.0,0.0,0.0,0.0,0.0,0.0,0.0,0.0,0.0,0.0,0.0,13.128295402195551,8402.096086545,1430.6503186132554,2.2353945737513325,559.9356028179129,0.8749007300418511
"White House city, Tennessee",12982.0,11378.0,87.6444307502696,1604.0,296.0,2.2800801109228166,18.453865336658357,36.0,0.2773070405176397,2.244389027431421,152.0,1.170851948852257,9.476309226932669,2.0,0.0154059466954244,0.1246882793017456,241.0,1.856416576798644,15.024937655860349,877.0,6.755507625943615,54.67581047381545,614.0,4.729625635495301,12368.0,95.27037436450468,1742.0,13.41857957171468,11240.0,86.58142042828531,5039.0,4820.0,95.65389958325063,219.0,4.346100416749355,49.0,0.3774456940378986,49.0,100.0,0.0,0.0,0.0,0.0,0.0,0.0,49.0,100.0,100.0,0.0,0.0,0.0,0.0,0.0,0.0,,0.0,0.0,,0.0,0.0,,0.0,11.216270794694768,7178.40222684,1157.4256932295546,1.8084804375353034,449.2580548593226,0.701966794387644
"Eagleville city, Tennessee",813.0,743.0,91.389913899139,70.0,17.0,2.091020910209102,24.285714285714285,0.0,0.0,0.0,0.0,0.0,0.0,0.0,0.0,0.0,12.0,1.4760147601476017,17.142857142857142,41.0,5.043050430504305,58.57142857142858,39.0,4.797047970479705,774.0,95.20295202952028,84.0,10.33210332103321,729.0,89.66789667896678,326.0,301.0,92.33128834355828,25.0,7.668711656441718,0.0,0.0,0.0,,0.0,,,0.0,,,0.0,,,0.0,,,0.0,,0.0,,,0.0,,,0.0,,,2.813887820974253,1800.8854252800002,288.92409780519074,0.4514445997438152,115.85394327735814,0.18102206582593325
"La Vergne city, Tennessee",38719.0,17766.0,45.884449495079934,20953.0,9816.0,25.351894418760818,46.84770677229991,335.0,0.8652082956687931,1.598816398606405,1440.0,3.719104315710633,6.872524220875293,40.0,0.1033084532141842,0.1909034505798692,5374.0,13.879490689325657,25.647878585405437,3948.0,10.196544332239986,18.84217057223309,9427.0,24.347219711252876,29292.0,75.65278028874712,22381.0,57.80366228466645,16338.0,42.19633771533356,12890.0,12472.0,96.75717610550817,418.0,3.2428238944918544,61.0,0.157545391151631,0.0,0.0,0.0,,0.0,0.0,,0.0,0.0,,0.0,0.0,,0.0,61.0,0.0,0.0,0.0,0.0,0.0,0.0,0.0,0.0,0.0,0.0,24.71474781903467,15817.414185815,1566.6354471227746,2.447871665061604,521.5509417446877,0.8149246045260486
"Murfreesboro city, Tennessee",152769.0,97785.0,64.008404846533,54984.0,29799.0,19.50592070380771,54.19576604103011,740.0,0.4843914668551866,1.3458460643096173,5797.0,3.794618018053401,10.543067074057909,103.0,0.0674220555217354,0.187327222464717,6638.0,4.345122374303688,12.07260293903681,11907.0,7.79412053492528,21.655390659100828,13918.0,9.110487075257415,138851.0,90.8895129247426,57828.0,37.85322938554288,94941.0,62.146770614457125,62905.0,58999.0,93.7906366743502,3906.0,6.2093633256497895,5152.0,3.372411942213408,1419.0,27.54270186335404,774.0,54.54545454545454,15.02329192546584,43.0,3.0303030303030303,0.8346273291925466,602.0,42.42424242424242,11.684782608695652,0.0,0.0,0.0,3733.0,0.0,2831.0,75.83712831502812,54.94953416149069,0.0,0.0,0.0,0.0,0.0,0.0,62.888306457150605,40248.45399843,2429.211543549678,3.795648896376471,1000.2654474860246,1.5629171744697021
"Smyrna town, Tennessee",53070.0,31255.0,58.893913698888255,21815.0,8664.0,16.325607687959298,39.71579188631675,304.0,0.5728283399283964,1.393536557414623,3115.0,5.869606180516299,14.279165711666284,62.0,0.1168268324853966,0.2842081136832455,4899.0,9.2312040700961,22.45702498280999,4771.0,8.990013190126248,21.870272748109095,8988.0,16.936122102882983,44082.0,83.06387789711701,23342.0,43.98341812700208,29728.0,56.016581872997925,20413.0,19325.0,94.67006319502278,1088.0,5.329936804977221,303.0,0.570944036178632,239.0,78.87788778877888,0.0,0.0,0.0,0.0,0.0,0.0,160.0,66.94560669456067,52.8052805280528,79.0,33.054393305439326,26.072607260726077,64.0,26.072607260726077,0.0,0.0,0.0,0.0,0.0,0.0,0.0,0.0,0.0,33.02739601788226,21137.500820115,1606.8478414485335,2.510703628193225,618.0626528639328,0.9657243859489033
"Cumberland City town, Tennessee",305.0,269.0,88.19672131147541,36.0,10.0,3.278688524590164,27.77777777777778,0.0,0.0,0.0,1.0,0.3278688524590163,2.7777777777777777,0.0,0.0,0.0,3.0,0.9836065573770492,8.333333333333332,22.0,7.213114754098362,61.11111111111112,4.0,1.3114754098360657,301.0,98.68852459016394,36.0,11.80327868852459,269.0,88.19672131147541,164.0,130.0,79.26829268292683,34.0,20.73170731707317,0.0,0.0,0.0,,0.0,,,0.0,,,0.0,,,0.0,,,0.0,,0.0,,,0.0,,,0.0,,,5.005199424862179,3203.3226867350004,60.936632911164835,0.09521363591092738,32.76592720469191,0.05119684029308882
"Dover city, Tennessee",1826.0,1667.0,91.29244249726176,159.0,57.0,3.12157721796276,35.84905660377358,4.0,0.2190580503833515,2.515723270440252,9.0,0.4928806133625411,5.660377358490567,0.0,0.0,0.0,29.0,1.5881708652792992,18.238993710691823,60.0,3.285870755750274,37.735849056603776,57.0,3.12157721796276,1769.0,96.87842278203723,178.0,9.748083242059144,1648.0,90.25191675794083,746.0,667.0,89.41018766756032,79.0,10.589812332439678,235.0,12.869660460021906,235.0,100.0,167.0,71.06382978723404,71.06382978723404,0.0,0.0,0.0,68.0,28.936170212765955,28.936170212765955,0.0,0.0,0.0,0.0,0.0,0.0,,0.0,0.0,,0.0,0.0,,0.0,3.8261978735139,2448.762858735,477.23616508182306,0.7456826590972099,194.97162056464404,0.30464362742963774
"Gallatin city, Tennessee",44431.0,31359.0,70.5791001778038,13072.0,6583.0,14.816231910152824,50.35954712362302,212.0,0.4771443361616889,1.6217870257037943,753.0,1.694762665706376,5.760403916768666,30.0,0.0675204249285408,0.2294981640146879,1985.0,4.467601449438456,15.18512851897185,3509.0,7.897639035808332,26.84363525091799,4406.0,9.916499741171704,40025.0,90.0835002588283,13894.0,31.270959465238235,30537.0,68.72904053476177,19201.0,17791.0,92.656632467059,1410.0,7.343367532940991,795.0,1.7892912606063336,781.0,98.23899371069184,572.0,73.23943661971832,71.9496855345912,25.0,3.201024327784891,3.1446540880503147,184.0,23.5595390524968,23.14465408805032,0.0,0.0,0.0,14.0,0.0,0.0,0.0,0.0,0.0,0.0,0.0,0.0,0.0,0.0,32.173118351041445,20590.76395737,1380.9976240168141,2.1578121186755155,596.8025788018917,0.9325054689448486
"Hendersonville city, Tennessee",61753.0,48657.0,78.79293313685164,13096.0,5367.0,8.691075737211147,40.98197923029932,210.0,0.3400644503101064,1.6035430665852168,1312.0,2.124593137175522,10.01832620647526,54.0,0.0874451443654559,0.4123396456933414,1558.0,2.522954350395932,11.89676237018937,4595.0,7.440934043690185,35.08704948075748,3968.0,6.425598756335725,57785.0,93.57440124366428,13970.0,22.622382718248502,47783.0,77.3776172817515,24963.0,23697.0,94.92849417137364,1266.0,5.071505828626368,472.0,0.7643353359350963,317.0,67.16101694915254,0.0,0.0,0.0,0.0,0.0,0.0,317.0,100.0,67.16101694915254,0.0,0.0,0.0,155.0,0.0,0.0,0.0,0.0,0.0,0.0,0.0,0.0,0.0,0.0,31.41772106090313,20107.31043802,1965.5467651613576,3.0711715617238426,794.5515828983688,1.241488764842393
"Westmoreland town, Tennessee",2718.0,2479.0,91.20676968359088,239.0,36.0,1.3245033112582782,15.062761506276152,6.0,0.2207505518763796,2.510460251046025,26.0,0.9565857247976454,10.87866108786611,0.0,0.0,0.0,25.0,0.919793966151582,10.460251046025103,146.0,5.371596762325239,61.08786610878661,75.0,2.759381898454746,2643.0,97.24061810154524,269.0,9.896983075791024,2449.0,90.10301692420896,1070.0,1002.0,93.64485981308412,68.0,6.355140186915888,104.0,3.8263428991905815,104.0,100.0,0.0,0.0,0.0,0.0,0.0,0.0,104.0,100.0,100.0,0.0,0.0,0.0,0.0,0.0,0.0,,0.0,0.0,,0.0,0.0,,0.0,4.179558182916701,2674.91310763,650.3079706150296,1.0161077727149708,256.00792073512935,0.40001299367366394
"Brentwood city, Tennessee",45373.0,37255.0,82.108302294316,8118.0,1443.0,3.180305468009609,17.775314116777533,53.0,0.1168095563440812,0.6528701650652871,3658.0,8.062063341634893,45.06035969450603,9.0,0.0198355850395609,0.1108647450110864,359.0,0.7912194476891543,4.422271495442227,2596.0,5.721464306966698,31.978319783197836,1615.0,3.5593855376545527,43758.0,96.44061446234544,8547.0,18.83719392590307,36826.0,81.16280607409692,15279.0,14741.0,96.47882714837358,538.0,3.521172851626416,125.0,0.275494236660569,125.0,100.0,0.0,0.0,0.0,21.0,16.8,16.8,104.0,83.2,83.2,0.0,0.0,0.0,0.0,0.0,0.0,,0.0,0.0,,0.0,0.0,,0.0,41.10971999337491,26310.18017903,1103.7049147333562,1.7245415915533575,371.6639277149615,0.5807257835572642
"Fairview city, Tennessee",9357.0,8288.0,88.57539809768087,1069.0,157.0,1.6778882120337717,14.6866230121609,34.0,0.3633643261729187,3.180542563143125,88.0,0.9404723736240248,8.23199251637044,3.0,0.0320615581917281,0.2806361085126286,176.0,1.8809447472480496,16.46398503274088,611.0,6.5298706850486266,57.15622076707203,531.0,5.674895799935877,8826.0,94.32510420006412,1237.0,13.220049161055892,8120.0,86.7799508389441,3554.0,3359.0,94.51322453573438,195.0,5.486775464265616,0.0,0.0,0.0,,0.0,,,0.0,,,0.0,,,0.0,,,0.0,,0.0,,,0.0,,,0.0,,,17.33616529809225,11095.12866251,539.73873916798,0.84334308187132,205.00496729753138,0.32032075590153586
"Franklin city, Tennessee",83454.0,63771.0,76.41455172909627,19683.0,4370.0,5.236417667217869,22.201900116852105,216.0,0.2588252210798764,1.0973936899862824,6438.0,7.714429506075203,32.70842859320226,49.0,0.0587149807079349,0.2489457907839252,2971.0,3.5600450547607063,15.094243763653914,5639.0,6.757015841062142,28.64908804552152,6688.0,8.013995734176913,76766.0,91.98600426582308,20847.0,24.980228628945287,62607.0,75.01977137105472,34720.0,32749.0,94.32315668202766,1971.0,5.67684331797235,1084.0,1.2989191650490088,1041.0,96.03321033210332,189.0,18.155619596541783,17.43542435424354,7.0,0.6724303554274735,0.6457564575645757,845.0,81.17195004803074,77.95202952029521,0.0,0.0,0.0,43.0,0.0,0.0,0.0,0.0,0.0,0.0,0.0,0.0,0.0,0.0,42.75193872909391,27361.198547365,1952.0518245692372,3.05008568449707,812.1269124193437,1.2689502596129396
"Nolensville town, Tennessee",13829.0,11017.0,79.66591944464531,2812.0,752.0,5.437848000578494,26.742532005689903,13.0,0.0940053510738303,0.4623044096728307,907.0,6.558681032612626,32.25462304409673,11.0,0.0795429893701641,0.391180654338549,139.0,1.0051341384048016,4.943100995732575,990.0,7.158869043314773,35.206258890469414,705.0,5.097982500542338,13124.0,94.90201749945766,3018.0,21.82370381083231,10811.0,78.17629618916769,4216.0,4089.0,96.9876660341556,127.0,3.0123339658444026,0.0,0.0,0.0,,0.0,,,0.0,,,0.0,,,0.0,,,0.0,,0.0,,,0.0,,,0.0,,,10.44371705514128,6683.968596815001,1324.1454098176855,2.068980396854303,403.6876887548891,0.6307629874277058
"Thompson's Station town, Tennessee",7485.0,6566.0,87.72211088844355,919.0,193.0,2.578490313961256,21.00108813928183,20.0,0.2672010688042752,2.176278563656148,127.0,1.6967267869071476,13.81936887921654,5.0,0.0668002672010688,0.544069640914037,108.0,1.4428857715430865,11.7519042437432,466.0,6.225784903139613,50.70729053318824,397.0,5.303941215764863,7088.0,94.69605878423512,1047.0,13.987975951903808,6438.0,86.0120240480962,2690.0,2556.0,95.0185873605948,134.0,4.981412639405204,0.0,0.0,0.0,,0.0,,,0.0,,,0.0,,,0.0,,,0.0,,0.0,,,0.0,,,0.0,,,20.346355178516493,13021.64721189,367.8791574376591,0.574812070869612,132.21041195822352,0.206579087593755
"Lebanon city, Tennessee",38431.0,28960.0,75.35583253102965,9471.0,4377.0,11.389243058988836,46.21476084890719,230.0,0.5984751893003045,2.428465843099989,576.0,1.4987900392911973,6.081723154893886,13.0,0.0338268585256693,0.1372611128708689,1642.0,4.272592438396086,17.33713441030514,2633.0,6.851239884468267,27.80065462992292,3319.0,8.636257188207438,35112.0,91.36374281179256,10177.0,26.48122609351825,28254.0,73.51877390648175,15734.0,14708.0,93.47908986907332,1026.0,6.520910130926656,1590.0,4.137285004293409,873.0,54.90566037735849,381.0,43.6426116838488,23.9622641509434,11.0,1.2600229095074456,0.6918238993710693,481.0,55.09736540664376,30.251572327044023,0.0,0.0,0.0,717.0,0.0,477.0,66.52719665271967,30.0,0.0,0.0,0.0,0.0,0.0,0.0,39.65388242214197,25378.44557182,969.1610922450525,1.5143165443778575,396.78334223370865,0.6199749293341628
"Mount Juliet city, Tennessee",39289.0,30290.0,77.095370205401,8999.0,3206.0,8.160044796253404,35.62618068674297,137.0,0.3486981088854387,1.5223913768196466,2018.0,5.1362976914658045,22.42471385709523,12.0,0.0305429000483595,0.1333481497944216,980.0,2.4943368372827,10.890098899877763,2646.0,6.734709460663289,29.40326702966997,2406.0,6.123851459696098,36883.0,93.8761485403039,9578.0,24.378324721932348,29711.0,75.62167527806766,15090.0,14464.0,95.85155732273029,626.0,4.148442677269715,224.0,0.5701341342360458,178.0,79.46428571428571,0.0,0.0,0.0,0.0,0.0,0.0,178.0,100.0,79.46428571428571,0.0,0.0,0.0,46.0,0.0,0.0,0.0,0.0,0.0,0.0,0.0,0.0,0.0,0.0,25.06438571752689,16041.182095405002,1567.5229563885223,2.449258400430124,602.0494645295834,0.9407037405505503
"Watertown city, Tennessee",1553.0,1293.0,83.25820991629105,260.0,91.0,5.859626529298133,35.0,9.0,0.5795235028976174,3.4615384615384617,2.0,0.128783000643915,0.7692307692307693,0.0,0.0,0.0,29.0,1.867353509336768,11.153846153846157,129.0,8.306503541532518,49.61538461538461,58.0,3.734707018673536,1495.0,96.26529298132648,270.0,17.385705086928528,1283.0,82.61429491307148,624.0,570.0,91.34615384615384,54.0,8.653846153846153,0.0,0.0,0.0,,0.0,,,0.0,,,0.0,,,0.0,,,0.0,,0.0,,,0.0,,,0.0,,,1.4361251255281768,919.118661435,1081.3820971406228,1.6896621352191183,434.5025296946224,0.6789112507255182
"Mitchellville city, Tennessee",163.0,146.0,89.57055214723927,17.0,3.0,1.8404907975460123,17.647058823529413,0.0,0.0,0.0,0.0,0.0,0.0,0.0,0.0,0.0,4.0,2.4539877300613497,23.52941176470588,10.0,6.134969325153374,58.82352941176471,6.0,3.6809815950920246,157.0,96.31901840490798,17.0,10.429447852760736,146.0,89.57055214723927,74.0,63.0,85.13513513513513,11.0,14.864864864864863,0.0,0.0,0.0,,0.0,,,0.0,,,0.0,,,0.0,,,0.0,,0.0,,,0.0,,,0.0,,,0.5368862484263729,343.606668545,303.6024865188056,0.4743796175150568,137.8318036956541,0.21536252574303194
