PL_CO,Population,White Alone,White Alone %,Non-White Population: Race,Black or African American Alone,Black or African American Alone %,Black or African American Alone % Non-White Population,American Indian Alaska Native Alone,American Indian Alaska Native Alone %,American Indian Alaska Native Alone % Non-White Population,Asian Alone,Asian Alone %,Asian Alone % Non-White Population,Native Hawaiian Other Pacific Islander Alone,Native Hawaiian Other Pacific Islander Alone %,Native Hawaiian Other Pacific Islander Alone % Non-White Population,Some Other Race Alone,Some Other Race Alone %,Some Other Race Alone % Non-White Population,Two or More Races,Two or More Races %,Two or More Races % Non-White Population,Hispanic or Latino,Hispanic or Latino %,Not Hispanic or Latino,Not Hispanic or Latino %,Minority,Minority %,White Alone Not Hispanic or Latino,White Alone Not Hispanic or Latino %,Occupancy:Total Households,Occupancy:Occupied Units,Occupancy %:Occupied Units,Occupancy:Vacant Units,Occupancy %:Vacant Units,Group Quarters:Population,Group Quarters %:Population,Group Quarters:Institutionalized,Group Quarters %:Institutionalized,"Group Quarters:Institutionalized, Adults in Correctional Facility",Group Quarters % Institutionalized:Adults in Correctional Facility,Group Quarters %:Institutionalized Adults in Correctional Facility,"Group Quarters:Institutionalized, Juvenile Facility",Group Quarters % Institutionalized:Juvenile Facility,Group Quarters %:Institutionalized in Juvenile Facility,"Group Quarters:Institutionalized, Nursing or Skilled Nursing Facility",Group Quarters % Institutionalized:Nursing or Skilled Nursing Facility,Group Quarters %:Institutionalized in Nursing or Skilled Nursing Facility,"Group Quarters:Institutionalized, Other Facility",Group Quarters % Institutionalized:Other Facility,Group Quarters %:Institutionalized in Other Facility,Group Quarters:Noninstitutionalized,Group Quarters %:Noninstitutionalized,"Group Quarters:Noninstitutionalized, College or University Student Housing",Group Quarters % Noninstitutionalized:College or University Student Housing,Group Quarters %:Noninstitutionalized in College or University Student Housing,"Group Quarters:Noninstitutionalized, Military Quarters",Group Quarters % Noninstitutionalized:Military Quarters,Group Quarters %:Noninstitutionalized in Military Quarters,"Group Quarters:Noninstitutionalized, Other",Group Quarters % Noninstitutionalized:Other,Group Quarters %:Noninstitutionalized in Other,Square Miles,Square Acres,Population Per Square Mile,Housing Units Per Square Mile,Population Per Square Acre,Housing Units Per Square Acre,PLACE,COUNTY
"Adams city,Robertson ",624,553,88.62179487179486,71,22,3.5256410256410255,30.985915492957744,7,1.1217948717948718,9.859154929577464,2,0.3205128205128205,2.8169014084507045,0,0.0,0.0,11,1.7628205128205128,15.492957746478872,29,4.647435897435898,40.845070422535215,16,2.564102564102564,608,97.43589743589743,74,11.858974358974358,550,88.14102564102564,250,232,92.80000000000001,18,7.199999999999999,19,3.0448717948717947,19,100.0,0,0.0,0.0,0,0.0,0.0,19,100.0,100.0,0,0.0,0.0,0,0.0,0,,0.0,0,,0.0,0,,0.0,2.390552286866642,1529.95110171,261.0275472442783,104.57834424850894,0.4078561722022135,0.16340391514511757,Adams city,Robertson 
"Ashland City town,Cheatham",5193,4261,82.052763335259,932,310,5.969574427113422,33.261802575107296,17,0.3273637589062199,1.8240343347639485,33,0.635470826112074,3.5407725321888415,11,0.21182360870402464,1.1802575107296138,220,4.236472174080493,23.605150214592275,341,6.566531869824764,36.587982832618025,426,8.203350664355865,4767,91.79664933564413,1018,19.603312150972464,4175,80.39668784902754,2311,2145,92.81696235395933,166,7.183037646040676,235,4.525322549585981,146,62.12765957446808,80,54.794520547945204,34.04255319148936,0,0.0,0.0,66,45.20547945205479,28.085106382978726,0,0.0,0.0,89,0.0,0,0.0,0.0,0,0.0,0.0,0,0.0,0.0,10.668072139125039,6827.555628900001,486.77961043727186,216.62770647420282,0.7605943154851531,0.3384813139006718,Ashland City town,Cheatham
"Belle Meade city,Davidson",2901,2773,95.58772836952775,128,6,0.2068252326783868,4.6875,1,0.03447087211306446,0.78125,23,0.7928300586004825,17.96875,0,0.0,0.0,5,0.1723543605653223,3.90625,93,3.205791106514995,72.65625,52,1.7924853498793518,2849,98.20751465012066,143,4.929334712168218,2758,95.07066528783177,1130,1073,94.95575221238937,57,5.04424778761062,0,0.0,0,,0,,,0,,,0,,,0,,,0,,0,,,0,,,0,,,3.0701534761578513,1964.895191405,944.9039022083226,368.0597757653928,1.4764146264339104,0.5750942874423711,Belle Meade city,Davidson
"Berry Hill city,Davidson",2112,1747,82.71780303030303,365,115,5.445075757575758,31.506849315068493,12,0.5681818181818182,3.287671232876712,66,3.125,18.08219178082192,0,0.0,0.0,33,1.5625,9.04109589041096,139,6.581439393939394,38.082191780821915,123,5.823863636363636,1989,94.17613636363636,412,19.507575757575758,1700,80.49242424242425,1657,1446,87.2661436330718,211,12.733856366928183,3,0.14204545454545456,0,0.0,0,,0.0,0,,0.0,0,,0.0,0,,0.0,3,0.0,0,0.0,0.0,0,0.0,0.0,0,0.0,0.0,0.9057439262690542,579.67521793,2331.78488836217,1829.4353977349033,3.643419512639989,2.858497221801355,Berry Hill city,Davidson
"Bethpage CDP,Sumner",313,291,92.97124600638978,22,6,1.9169329073482428,27.27272727272727,1,0.3194888178913738,4.545454545454546,2,0.6389776357827476,9.090909090909092,0,0.0,0.0,4,1.2779552715654952,18.181818181818183,9,2.8753993610223643,40.909090909090914,21,6.7092651757188495,292,93.29073482428115,32,10.223642172523961,281,89.77635782747603,127,109,85.8267716535433,18,14.173228346456693,0,0.0,0,,0,,,0,,,0,,,0,,,0,,0,,,0,,,0,,,1.3283053255487722,850.114095975,235.6385945156759,95.61054793447552,0.3681858723222543,0.14939171177292745,Bethpage CDP,Sumner
"Big Rock CDP,Stewart",291,268,92.09621993127148,23,5,1.718213058419244,21.73913043478261,1,0.3436426116838488,4.3478260869565215,0,0.0,0.0,0,0.0,0.0,0,0.0,0.0,17,5.841924398625429,73.91304347826086,4,1.3745704467353952,287,98.62542955326461,25,8.59106529209622,266,91.40893470790378,136,128,94.11764705882352,8,5.88235294117647,0,0.0,0,,0,,,0,,,0,,,0,,,0,,0,,,0,,,0,,,1.7202611789245488,1100.9654548800002,169.16035981345792,79.05776266195971,0.2643134702457286,0.12352794485711029,Big Rock CDP,Stewart
"Bransford CDP,Sumner",166,139,83.73493975903614,27,1,0.6024096385542169,3.7037037037037033,0,0.0,0.0,1,0.6024096385542169,3.7037037037037033,0,0.0,0.0,8,4.819277108433735,29.629629629629626,17,10.240963855421686,62.96296296296296,11,6.626506024096386,155,93.37349397590361,28,16.867469879518072,138,83.13253012048193,72,62,86.11111111111111,10,13.88888888888889,0,0.0,0,,0,,,0,,,0,,,0,,,0,,0,,,0,,,0,,,4.029163284016146,2578.660520925,41.19962093830466,17.869715105770698,0.06437450709504544,0.02792147295688718,Bransford CDP,Sumner
"Brentwood city,Williamson",45373,37255,82.108302294316,8118,1443,3.1803054680096094,17.775314116777533,53,0.11680955634408127,0.6528701650652871,3658,8.062063341634893,45.06035969450603,9,0.019835585039560972,0.11086474501108648,359,0.7912194476891543,4.422271495442227,2596,5.721464306966698,31.978319783197833,1615,3.5593855376545527,43758,96.44061446234545,8547,18.83719392590307,36826,81.16280607409692,15279,14741,96.47882714837358,538,3.5211728516264156,125,0.27549423666056905,125,100.0,0,0.0,0.0,21,16.8,16.8,104,83.2,83.2,0,0.0,0.0,0,0.0,0,,0.0,0,,0.0,0,,0.0,41.10971999337491,26310.18017903,1103.7049147333562,371.6639277149615,1.7245415915533575,0.5807257835572642,Brentwood city,Williamson
"Burns town,Dickson",1573,1425,90.59122695486332,148,29,1.8436109345200253,19.594594594594593,10,0.6357279084551812,6.756756756756757,8,0.5085823267641449,5.405405405405405,2,0.12714558169103624,1.3513513513513513,22,1.3986013986013985,14.864864864864865,77,4.895104895104895,52.02702702702703,68,4.322949777495232,1505,95.67705022250476,176,11.188811188811188,1397,88.81118881118881,675,658,97.48148148148148,17,2.5185185185185186,0,0.0,0,,0,,,0,,,0,,,0,,,0,,0,,,0,,,0,,,3.37753905713347,2161.62165953,465.72370397250444,199.84965046499715,0.7276944108443177,0.3122655609153938,Burns town,Dickson
"Castalian Springs CDP,Sumner",608,557,91.61184210526315,51,6,0.9868421052631579,11.76470588235294,0,0.0,0.0,3,0.4934210526315789,5.88235294117647,1,0.1644736842105263,1.9607843137254901,8,1.3157894736842104,15.686274509803921,33,5.427631578947369,64.70588235294117,20,3.289473684210526,588,96.71052631578947,59,9.703947368421053,549,90.29605263157895,251,241,96.01593625498009,10,3.9840637450199203,6,0.9868421052631579,0,0.0,0,,0.0,0,,0.0,0,,0.0,0,,0.0,6,0.0,0,0.0,0.0,0,0.0,0.0,0,0.0,0.0,5.817481532121828,3723.1824328400003,104.5125793082221,43.14581810257195,0.16330115726728564,0.0674154448586985,Castalian Springs CDP,Sumner
"Cedar Hill city,Robertson ",301,239,79.40199335548172,62,22,7.308970099667775,35.483870967741936,2,0.6644518272425249,3.225806451612903,2,0.6644518272425249,3.225806451612903,0,0.0,0.0,16,5.3156146179401995,25.806451612903224,20,6.64451827242525,32.25806451612903,25,8.305647840531561,276,91.69435215946844,68,22.591362126245848,233,77.40863787375415,123,110,89.43089430894308,13,10.569105691056912,0,0.0,0,,0,,,0,,,0,,,0,,,0,,0,,,0,,,0,,,0.6440091340095948,412.16520948000004,467.3846753166012,190.991079946651,0.7302896825759521,0.2984240231124322,Cedar Hill city,Robertson 
"Charlotte town,Dickson",1656,1460,88.16425120772948,196,117,7.065217391304348,59.693877551020414,4,0.24154589371980675,2.0408163265306123,5,0.30193236714975846,2.5510204081632653,0,0.0,0.0,18,1.0869565217391304,9.183673469387756,52,3.140096618357488,26.53061224489796,49,2.9589371980676327,1607,97.04106280193237,208,12.560386473429952,1448,87.43961352657004,572,518,90.55944055944056,54,9.44055944055944,294,17.753623188405797,294,100.0,294,100.0,100.0,0,0.0,0.0,0,0.0,0.0,0,0.0,0.0,0,0.0,0,,0.0,0,,0.0,0,,0.0,4.058232529431217,2597.26480927,408.0594169975019,140.94805949430622,0.637593823351976,0.22023168294524773,Charlotte town,Dickson
"Christiana CDP,Rutherford",4305,3380,78.51335656213705,925,373,8.664343786295007,40.32432432432432,30,0.6968641114982579,3.2432432432432434,82,1.9047619047619049,8.864864864864865,0,0.0,0.0,146,3.391405342624855,15.783783783783784,294,6.829268292682928,31.783783783783782,283,6.573751451800232,4022,93.42624854819977,976,22.67131242740999,3329,77.32868757259001,1496,1448,96.79144385026738,48,3.2085561497326207,0,0.0,0,,0,,,0,,,0,,,0,,,0,,0,,,0,,,0,,,8.856359575130654,5668.06137793,486.0913746195192,168.9181640954241,0.7595189453597985,0.2639350388520926,Christiana CDP,Rutherford
"Clarksville city,Montgomery",166722,94978,56.96788666162834,71744,40657,24.386103813533907,56.66954727921498,914,0.5482179916267799,1.2739741302408565,4143,2.484974988303883,5.774698929527208,867,0.5200273509194947,1.208463425512935,6936,4.160218807355958,9.66770740410348,18227,10.932570386631637,25.405608831400535,19671,11.798682837298017,147051,88.20131716270198,77126,46.26024159978887,89596,53.73975840021114,65752,61128,92.96751429614308,4624,7.032485703856917,4296,2.576744520819088,1699,39.54841713221601,1084,63.80223660977046,25.232774674115454,32,1.883460859329017,0.74487895716946,583,34.314302530900534,13.570763500931099,0,0.0,0.0,2597,0.0,1450,55.83365421640354,33.75232774674116,962,37.04274162495187,22.39292364990689,962,37.04274162495187,22.39292364990689,99.40076866670957,63616.393737945,1677.2707317688687,661.483818303923,2.6207395641880913,1.0335700616864925,Clarksville city,Montgomery
"Columbia city,Maury",41690,27737,66.53154233629166,13953,7723,18.524826097385464,55.35010392030387,223,0.534900455744783,1.5982226044578225,432,1.0362197169585032,3.0961083637927325,21,0.0503717917965939,0.15050526768436895,2288,5.488126649076517,16.397907260087436,3266,7.834012952746463,23.407152583673764,4447,10.666826577116813,37243,89.33317342288318,14728,35.32741664667786,26962,64.67258335332214,18335,16821,91.74256885737661,1514,8.257431142623398,1059,2.5401775005996643,872,82.34183191690275,298,34.174311926605505,28.13975448536355,49,5.6192660550458715,4.627006610009444,444,50.917431192660544,41.92634560906516,81,9.288990825688073,7.64872521246459,187,7.64872521246459,0,0.0,0.0,0,0.0,0.0,0,0.0,0.0,33.09931642526185,21183.52980978,1259.5426281426653,553.9389322858184,1.9680383946566158,0.8655309178706897,Columbia city,Maury
"Coopertown town,Robertson ",4480,3937,87.87946428571428,543,143,3.1919642857142856,26.335174953959484,19,0.42410714285714285,3.4990791896869244,25,0.5580357142857143,4.6040515653775325,5,0.11160714285714285,0.9208103130755065,85,1.8973214285714284,15.65377532228361,266,5.9375,48.98710865561694,212,4.732142857142857,4268,95.26785714285714,611,13.638392857142856,3869,86.36160714285714,1665,1613,96.87687687687688,52,3.123123123123123,0,0.0,0,,0,,,0,,,0,,,0,,,0,,0,,,0,,,0,,,31.59965664513563,20223.749032175,141.7736923635099,52.690445934206245,0.22152173629491437,0.08232894886853402,Coopertown town,Robertson 
"Cottontown CDP,Sumner",397,359,90.42821158690177,38,3,0.7556675062972292,7.894736842105263,4,1.0075566750629723,10.526315789473683,0,0.0,0.0,0,0.0,0.0,3,0.7556675062972292,7.894736842105263,28,7.052896725440807,73.68421052631578,19,4.785894206549118,378,95.21410579345087,40,10.075566750629724,357,89.92443324937027,165,145,87.87878787878788,20,12.121212121212121,0,0.0,0,,0,,,0,,,0,,,0,,,0,,0,,,0,,,0,,,3.5098763441807996,2246.31739249,113.10939790178257,47.01020315817159,0.17673370705638933,0.07345355582948171,Cottontown CDP,Sumner
"Cross Plains city,Robertson ",1789,1546,86.4169927333706,243,83,4.639463387367244,34.15637860082305,1,0.05589714924538849,0.411522633744856,6,0.3353828954723309,2.4691358024691357,0,0.0,0.0,28,1.5651201788708775,11.522633744855968,125,6.987143655673561,51.440329218106996,69,3.8569032979318054,1720,96.14309670206819,253,14.141978759083287,1536,85.85802124091671,701,659,94.00855920114122,42,5.991440798858773,0,0.0,0,,0,,,0,,,0,,,0,,,0,,0,,,0,,,0,,,8.689242977845458,5561.10692078,205.88675038335637,80.67446172092387,0.32169854410011506,0.12605404103643414,Cross Plains city,Robertson 
"Cumberland City town,Stewart",305,269,88.19672131147541,36,10,3.278688524590164,27.77777777777778,0,0.0,0.0,1,0.32786885245901637,2.7777777777777777,0,0.0,0.0,3,0.9836065573770493,8.333333333333332,22,7.213114754098362,61.111111111111114,4,1.3114754098360655,301,98.68852459016394,36,11.80327868852459,269,88.19672131147541,164,130,79.26829268292683,34,20.73170731707317,0,0.0,0,,0,,,0,,,0,,,0,,,0,,0,,,0,,,0,,,5.005199424862179,3203.3226867350004,60.936632911164835,32.76592720469191,0.09521363591092738,0.05119684029308882,Cumberland City town,Stewart
"Dickson city,Dickson",16058,12709,79.14435172499688,3349,1240,7.722007722007722,37.025977903851896,102,0.6351974093909578,3.0456852791878175,170,1.0586623489849296,5.0761421319796955,1,0.0062274255822642914,0.029859659599880562,588,3.661726242371403,17.55747984472977,1248,7.771827126665837,37.26485518065094,1277,7.952422468551501,14781,92.0475775314485,3594,22.381367542657866,12464,77.61863245734213,6936,6597,95.11245674740483,339,4.887543252595155,414,2.578154191057417,288,69.56521739130434,0,0.0,0.0,0,0.0,0.0,105,36.45833333333333,25.36231884057971,183,63.541666666666664,44.20289855072464,126,44.20289855072464,0,0.0,0.0,0,0.0,0.0,0,0.0,0.0,20.21964224161276,12940.551057465002,794.1782454959589,343.03277561090863,1.2409054242505877,0.5359895393325493,Dickson city,Dickson
"Dover city,Stewart",1826,1667,91.29244249726177,159,57,3.12157721796276,35.84905660377358,4,0.21905805038335158,2.515723270440252,9,0.49288061336254113,5.660377358490567,0,0.0,0.0,29,1.5881708652792992,18.238993710691823,60,3.285870755750274,37.735849056603776,57,3.12157721796276,1769,96.87842278203725,178,9.748083242059145,1648,90.25191675794085,746,667,89.41018766756032,79,10.589812332439678,235,12.869660460021906,235,100.0,167,71.06382978723404,71.06382978723404,0,0.0,0.0,68,28.936170212765955,28.936170212765955,0,0.0,0.0,0,0.0,0,,0.0,0,,0.0,0,,0.0,3.8261978735138995,2448.762858735,477.2361650818231,194.97162056464407,0.7456826590972099,0.30464362742963774,Dover city,Stewart
"Eagleville city,Rutherford",813,743,91.38991389913899,70,17,2.091020910209102,24.285714285714285,0,0.0,0.0,0,0.0,0.0,0,0.0,0.0,12,1.4760147601476015,17.142857142857142,41,5.043050430504305,58.57142857142858,39,4.797047970479705,774,95.20295202952029,84,10.33210332103321,729,89.66789667896678,326,301,92.33128834355828,25,7.668711656441718,0,0.0,0,,0,,,0,,,0,,,0,,,0,,0,,,0,,,0,,,2.8132549995363894,1800.4804201850002,288.98908919880296,115.88000378697387,0.45154614895310213,0.18106278543506923,Eagleville city,Rutherford
"Eagleville city,Williamson",0,0,,0,0,,,0,,,0,,,0,,,0,,,0,,,0,,0,,0,,0,,0,0,,0,,0,,0,,0,,,0,,,0,,,0,,,0,,0,,,0,,,0,,,0.0006328214378634499,0.40500509500000004,0.0,0.0,0.0,0.0,Eagleville city,Williamson
"Erin city,Houston",1224,1063,86.84640522875817,161,86,7.026143790849673,53.41614906832298,4,0.32679738562091504,2.484472049689441,3,0.24509803921568626,1.8633540372670807,5,0.40849673202614384,3.1055900621118013,13,1.0620915032679739,8.074534161490684,50,4.084967320261438,31.05590062111801,31,2.5326797385620914,1193,97.4673202614379,170,13.88888888888889,1054,86.11111111111111,534,475,88.95131086142321,59,11.04868913857678,135,11.029411764705882,135,100.0,0,0.0,0.0,0,0.0,0.0,135,100.0,100.0,0,0.0,0.0,0,0.0,0,,0.0,0,,0.0,0,,0.0,3.896277345801517,2493.6136517600003,314.1460146103143,137.05389853097046,0.49085390559042574,0.2141470470468034,Erin city,Houston
"Fairfield CDP,Sumner",141,129,91.48936170212765,12,4,2.8368794326241136,33.33333333333333,1,0.7092198581560284,8.333333333333332,0,0.0,0.0,0,0.0,0.0,0,0.0,0.0,7,4.964539007092199,58.333333333333336,4,2.8368794326241136,137,97.16312056737588,14,9.929078014184398,127,90.0709219858156,55,50,90.9090909090909,5,9.090909090909092,0,0.0,0,,0,,,0,,,0,,,0,,,0,,0,,,0,,,0,,,0.9914535861390931,634.529315565,142.21543193875624,55.47410465696166,0.22221195544677116,0.08667842233739301,Fairfield CDP,Sumner
"Fairview city,Williamson",9357,8288,88.57539809768087,1069,157,1.6778882120337715,14.686623012160899,34,0.3633643261729187,3.1805425631431246,88,0.9404723736240248,8.23199251637044,3,0.032061558191728116,0.2806361085126286,176,1.8809447472480496,16.46398503274088,611,6.5298706850486266,57.15622076707203,531,5.674895799935877,8826,94.32510420006412,1237,13.220049161055893,8120,86.7799508389441,3554,3359,94.51322453573438,195,5.486775464265616,0,0.0,0,,0,,,0,,,0,,,0,,,0,,0,,,0,,,0,,,17.33616529809225,11095.12866251,539.73873916798,205.00496729753138,0.84334308187132,0.32032075590153586,Fairview city,Williamson
"Forest Hills city,Davidson",5038,4677,92.83445811830092,361,44,0.8733624454148471,12.18836565096953,4,0.07939658594680428,1.10803324099723,110,2.1834061135371177,30.47091412742382,0,0.0,0.0,19,0.3771337832473204,5.263157894736842,184,3.6522429535529968,50.96952908587258,127,2.520841603811036,4911,97.47915839618896,400,7.939658594680429,4638,92.06034140531956,1894,1789,94.45617740232312,105,5.543822597676875,0,0.0,0,,0,,,0,,,0,,,0,,,0,,0,,,0,,,0,,,9.235961317739307,5911.0061181500005,545.4765158363781,205.0679874938666,0.8523083717559694,0.3204192251103227,Forest Hills city,Davidson
"Franklin city,Williamson",83454,63771,76.41455172909627,19683,4370,5.236417667217869,22.201900116852105,216,0.2588252210798764,1.0973936899862824,6438,7.714429506075203,32.70842859320226,49,0.05871498070793491,0.2489457907839252,2971,3.5600450547607063,15.094243763653914,5639,6.757015841062142,28.649088045521516,6688,8.013995734176913,76766,91.98600426582308,20847,24.980228628945287,62607,75.01977137105472,34720,32749,94.32315668202766,1971,5.67684331797235,1084,1.2989191650490088,1041,96.03321033210332,189,18.155619596541786,17.43542435424354,7,0.6724303554274735,0.6457564575645757,845,81.17195004803074,77.95202952029521,0,0.0,0.0,43,0.0,0,0.0,0.0,0,0.0,0.0,0,0.0,0.0,42.75193872909391,27361.198547365002,1952.0518245692372,812.1269124193437,3.0500856844970694,1.2689502596129394,Franklin city,Williamson
"Gallatin city,Sumner",44431,31359,70.5791001778038,13072,6583,14.816231910152823,50.35954712362302,212,0.47714433616168894,1.6217870257037945,753,1.6947626657063761,5.760403916768666,30,0.06752042492854088,0.2294981640146879,1985,4.4676014494384555,15.18512851897185,3509,7.897639035808332,26.84363525091799,4406,9.916499741171704,40025,90.0835002588283,13894,31.270959465238235,30537,68.72904053476177,19201,17791,92.65663246705901,1410,7.3433675329409915,795,1.7892912606063336,781,98.23899371069183,572,73.23943661971832,71.9496855345912,25,3.201024327784891,3.1446540880503147,184,23.5595390524968,23.144654088050316,0,0.0,0.0,14,0.0,0,0.0,0.0,0,0.0,0.0,0,0.0,0.0,32.173118351041445,20590.76395737,1380.9976240168141,596.8025788018917,2.1578121186755155,0.9325054689448486,Gallatin city,Sumner
"Gladeville CDP,Wilson",1189,1053,88.56181665264928,136,26,2.1867115222876365,19.11764705882353,1,0.08410428931875526,0.7352941176470588,15,1.2615643397813288,11.029411764705882,0,0.0,0.0,14,1.1774600504625736,10.294117647058822,80,6.72834314550042,58.82352941176471,53,4.457527333894029,1136,95.54247266610597,144,12.111017661900757,1045,87.88898233809924,434,430,99.07834101382488,4,0.9216589861751152,0,0.0,0,,0,,,0,,,0,,,0,,,0,,0,,,0,,,0,,,4.5285343023091675,2898.25747925,262.55735755246707,95.83674783664483,0.4102465044988635,0.14974514966569114,Gladeville CDP,Wilson
"Goodlettsville city,Davidson",11435,6022,52.66287713161347,5413,3515,30.73895933537385,64.93626454830962,78,0.6821163095758637,1.4409754295215222,208,1.8189768255356362,3.8426011453907263,36,0.314822912111937,0.6650655828560872,583,5.09838216003498,10.770367633474967,993,8.683865325754264,18.34472566044707,1327,11.60472234368168,10108,88.39527765631831,5617,49.12111937035418,5818,50.87888062964583,5364,5036,93.88516032811334,328,6.114839671886651,80,0.6996064713598601,76,95.0,0,0.0,0.0,0,0.0,0.0,76,100.0,95.0,0,0.0,0.0,4,0.0,0,0.0,0.0,0,0.0,0.0,0,0.0,0.0,6.561801551331347,4199.54650974,1742.661662433225,817.4584308956554,2.7229130510827364,1.2772807700925053,Goodlettsville city,Davidson
"Goodlettsville city,Sumner",6354,4888,76.92791942083727,1466,598,9.411394397230092,40.791268758526606,16,0.2518098835379289,1.0914051841746248,304,4.784387787220648,20.73669849931787,6,0.09442870632672333,0.4092769440654843,129,2.0302171860245513,8.799454297407912,413,6.499842618822789,28.171896316507507,323,5.083412023921939,6031,94.91658797607806,1524,23.984891406987725,4830,76.01510859301227,2420,2312,95.53719008264463,108,4.462809917355372,72,1.13314447592068,72,100.0,0,0.0,0.0,0,0.0,0.0,72,100.0,100.0,0,0.0,0.0,0,0.0,0,,0.0,0,,0.0,0,,0.0,7.870380531497641,5037.03576416,807.330722392772,307.4819559632528,1.2614562011273753,0.48044129787979983,Goodlettsville city,Sumner
"Graball CDP,Sumner",228,210,92.10526315789474,18,0,0.0,0.0,0,0.0,0.0,2,0.8771929824561403,11.11111111111111,0,0.0,0.0,1,0.43859649122807015,5.555555555555555,15,6.578947368421052,83.33333333333334,10,4.385964912280701,218,95.6140350877193,19,8.333333333333332,209,91.66666666666666,98,94,95.91836734693877,4,4.081632653061225,0,0.0,0,,0,,,0,,,0,,,0,,,0,,0,,,0,,,0,,,2.0062833413654375,1284.01935625,113.64297120905546,48.84654025652384,0.17756741663605274,0.07632283697514548,Graball CDP,Sumner
"Green Hill CDP,Wilson",6518,5730,87.91040196379257,788,244,3.7434795949677815,30.96446700507614,7,0.10739490641301012,0.8883248730964468,44,0.6750536974532065,5.583756345177665,1,0.015342129487572876,0.12690355329949238,89,1.365449524393986,11.294416243654823,403,6.182878183491869,51.14213197969543,265,4.065664314206812,6253,95.93433568579319,884,13.56244246701442,5634,86.43755753298558,2610,2523,96.66666666666667,87,3.3333333333333335,0,0.0,0,,0,,,0,,,0,,,0,,,0,,0,,,0,,,0,,,3.4735074513561823,2223.041337015,1876.4894249629833,751.4018716099089,2.932019252845778,1.1740672368713534,Green Hill CDP,Wilson
"Greenbrier town,Robertson ",6898,6076,88.08350246448245,822,199,2.884894172223833,24.20924574209246,19,0.27544215714699916,2.3114355231143553,95,1.3772107857349958,11.557177615571776,1,0.014496955639315743,0.12165450121654502,110,1.5946651203247317,13.381995133819952,398,5.769788344447666,48.41849148418492,300,4.349086691794723,6598,95.65091330820528,902,13.0762539866628,5996,86.9237460133372,2624,2546,97.02743902439023,78,2.972560975609756,0,0.0,0,,0,,,0,,,0,,,0,,,0,,0,,,0,,,0,,,7.2682044080604635,4651.643640115,949.0652178618002,361.02451894307967,1.4829166921801138,0.5641016816875353,Greenbrier town,Robertson 
"Greenvale CDP,Wilson",79,71,89.87341772151899,8,0,0.0,0.0,1,1.2658227848101267,12.5,0,0.0,0.0,0,0.0,0.0,0,0.0,0.0,7,8.860759493670885,87.5,0,0.0,79,100.0,8,10.126582278481013,71,89.87341772151899,35,33,94.28571428571428,2,5.714285714285714,0,0.0,0,,0,,,0,,,0,,,0,,,0,,0,,,0,,,0,,,2.4246694319025957,1551.786040825,32.58176102711457,14.434957417076072,0.050909080196390996,0.0225546557832112,Greenvale CDP,Wilson
"Hartsville/Trousdale County,Trousdale",11615,8883,76.47869134739561,2732,1922,16.547567800258285,70.35139092240117,30,0.2582866982350409,1.0980966325036603,27,0.23245802841153682,0.9882869692532943,0,0.0,0.0,205,1.7649591046061126,7.503660322108345,548,4.718037021093414,20.05856515373353,375,3.2285837279380116,11240,96.771416272062,2829,24.356435643564357,8786,75.64356435643565,3749,3469,92.53134169111763,280,7.468658308882368,2569,22.117950925527335,2549,99.22148695990658,2505,98.2738328756375,97.50875827170104,0,0.0,0.0,44,1.726167124362495,1.7127286882055275,0,0.0,0.0,20,0.0,0,0.0,0.0,0,0.0,0.0,0,0.0,0.0,114.34167779533756,73178.56081853001,101.58150749536769,32.78769449850482,0.15872135048956704,0.051230851742177085,Hartsville/Trousdale County,Trousdale
"Hendersonville city,Sumner",61753,48657,78.79293313685164,13096,5367,8.691075737211147,40.98197923029932,210,0.3400644503101064,1.6035430665852168,1312,2.124593137175522,10.01832620647526,54,0.08744514436545593,0.4123396456933414,1558,2.522954350395932,11.89676237018937,4595,7.440934043690185,35.08704948075748,3968,6.425598756335725,57785,93.57440124366427,13970,22.622382718248506,47783,77.3776172817515,24963,23697,94.92849417137363,1266,5.071505828626368,472,0.7643353359350963,317,67.16101694915254,0,0.0,0.0,0,0.0,0.0,317,100.0,67.16101694915254,0,0.0,0.0,155,0.0,0,0.0,0.0,0,0.0,0.0,0,0.0,0.0,31.41772106090313,20107.310438020002,1965.5467651613576,794.5515828983688,3.071171561723842,1.2414887648423927,Hendersonville city,Sumner
"Kingston Springs town,Cheatham",2824,2577,91.25354107648725,247,27,0.9560906515580737,10.931174089068826,10,0.3541076487252125,4.048582995951417,9,0.3186968838526912,3.643724696356275,0,0.0,0.0,56,1.9830028328611897,22.672064777327936,145,5.13456090651558,58.70445344129555,163,5.771954674220963,2661,94.22804532577904,310,10.977337110481585,2514,89.02266288951841,1148,1085,94.51219512195121,63,5.487804878048781,0,0.0,0,,0,,,0,,,0,,,0,,,0,,0,,,0,,,0,,,10.053323371098998,6434.1170247400005,280.9021351206461,114.19109458870457,0.43891026369917735,0.1784238607389007,Kingston Springs town,Cheatham
"La Vergne city,Rutherford",38719,17766,45.884449495079934,20953,9816,25.351894418760818,46.84770677229991,335,0.8652082956687931,1.598816398606405,1440,3.719104315710633,6.872524220875293,40,0.10330845321418426,0.19090345057986924,5374,13.879490689325655,25.647878585405433,3948,10.196544332239986,18.842170572233094,9427,24.347219711252873,29292,75.65278028874712,22381,57.803662284666444,16338,42.19633771533356,12890,12472,96.75717610550815,418,3.2428238944918544,61,0.157545391151631,0,0.0,0,,0.0,0,,0.0,0,,0.0,0,,0.0,61,0.0,0,0.0,0.0,0,0.0,0.0,0,0.0,0.0,24.71474781903467,15817.414185815001,1566.6354471227746,521.5509417446877,2.4478716650616037,0.8149246045260485,La Vergne city,Rutherford
"Lebanon city,Wilson",38431,28960,75.35583253102965,9471,4377,11.389243058988837,46.21476084890719,230,0.5984751893003045,2.4284658430999895,576,1.4987900392911973,6.081723154893886,13,0.033826858525669384,0.13726111287086898,1642,4.272592438396086,17.33713441030514,2633,6.851239884468267,27.80065462992292,3319,8.636257188207438,35112,91.36374281179256,10177,26.481226093518252,28254,73.51877390648175,15734,14708,93.47908986907333,1026,6.520910130926656,1590,4.137285004293409,873,54.90566037735849,381,43.6426116838488,23.962264150943398,11,1.2600229095074456,0.6918238993710693,481,55.09736540664376,30.251572327044023,0,0.0,0.0,717,0.0,477,66.52719665271967,30.0,0,0.0,0.0,0,0.0,0.0,39.65388242214197,25378.44557182,969.1610922450525,396.78334223370865,1.5143165443778575,0.6199749293341628,Lebanon city,Wilson
"McEwen city,Humphreys",1643,1532,93.24406573341449,111,9,0.5477784540474742,8.108108108108109,4,0.24345709068776628,3.6036036036036037,6,0.36518563603164944,5.405405405405405,0,0.0,0.0,5,0.30432136335970783,4.504504504504505,87,5.295191722458917,78.37837837837837,33,2.008520998174072,1610,97.99147900182594,127,7.72976262933658,1516,92.27023737066342,807,709,87.85625774473358,98,12.143742255266417,0,0.0,0,,0,,,0,,,0,,,0,,,0,,0,,,0,,,0,,,1.8427474554986336,1179.35655087,891.603456077174,437.9330426380276,1.3931325507862524,0.6842714354744405,McEwen city,Humphreys
"Millersville city,Robertson ",1348,1150,85.31157270029674,198,65,4.821958456973293,32.82828282828283,0,0.0,0.0,8,0.5934718100890208,4.040404040404041,1,0.0741839762611276,0.5050505050505051,30,2.225519287833828,15.151515151515152,94,6.973293768545995,47.474747474747474,85,6.3056379821958455,1263,93.69436201780415,220,16.320474777448073,1128,83.67952522255193,554,535,96.57039711191335,19,3.429602888086643,0,0.0,0,,0,,,0,,,0,,,0,,,0,,0,,,0,,,0,,,2.2931097546025856,1467.587977335,587.8480074032127,241.59332054998504,0.9185139295348,0.3774901461144505,Millersville city,Robertson 
"Millersville city,Sumner",4951,3718,75.09594021409816,1233,479,9.674813169056756,38.84833738848337,23,0.4645526156332054,1.8653690186536902,47,0.9493031710765503,3.8118410381184105,8,0.1615835184811149,0.6488240064882401,307,6.200767521712786,24.898621248986213,369,7.4530397899414265,29.927007299270077,670,13.532619672793375,4281,86.46738032720663,1467,29.630377701474448,3484,70.36962229852554,2026,1916,94.5705824284304,110,5.429417571569595,0,0.0,0,,0,,,0,,,0,,,0,,,0,,0,,,0,,,0,,,11.54537539429314,7389.028845425,428.82971154383347,175.48151799390155,0.6700474586813214,0.2741902951501428,Millersville city,Sumner
"Mitchellville city,Sumner",163,146,89.57055214723927,17,3,1.8404907975460123,17.647058823529413,0,0.0,0.0,0,0.0,0.0,0,0.0,0.0,4,2.4539877300613497,23.52941176470588,10,6.134969325153374,58.82352941176471,6,3.6809815950920246,157,96.31901840490798,17,10.429447852760736,146,89.57055214723927,74,63,85.13513513513513,11,14.864864864864865,0,0.0,0,,0,,,0,,,0,,,0,,,0,,0,,,0,,,0,,,0.5368862484263729,343.606668545,303.6024865188056,137.8318036956541,0.4743796175150568,0.21536252574303194,Mitchellville city,Sumner
"Mount Juliet city,Wilson",39289,30290,77.095370205401,8999,3206,8.160044796253404,35.62618068674297,137,0.3486981088854387,1.5223913768196466,2018,5.1362976914658045,22.42471385709523,12,0.030542900048359592,0.1333481497944216,980,2.4943368372826997,10.890098899877765,2646,6.734709460663289,29.403267029669966,2406,6.123851459696098,36883,93.8761485403039,9578,24.378324721932348,29711,75.62167527806766,15090,14464,95.85155732273029,626,4.148442677269715,224,0.5701341342360458,178,79.46428571428571,0,0.0,0.0,0,0.0,0.0,178,100.0,79.46428571428571,0,0.0,0.0,46,0.0,0,0.0,0.0,0,0.0,0.0,0,0.0,0.0,25.06438571752689,16041.182095405002,1567.5229563885223,602.0494645295834,2.449258400430124,0.9407037405505503,Mount Juliet city,Wilson
"Mount Pleasant city,Maury",4784,3474,72.61705685618729,1310,897,18.75,68.4732824427481,17,0.35535117056856186,1.297709923664122,31,0.6479933110367893,2.366412213740458,2,0.04180602006688963,0.15267175572519084,67,1.4005016722408026,5.114503816793893,296,6.187290969899665,22.595419847328245,135,2.82190635451505,4649,97.17809364548495,1344,28.093645484949832,3440,71.90635451505017,2124,1899,89.40677966101694,225,10.59322033898305,64,1.3377926421404682,60,93.75,0,0.0,0.0,0,0.0,0.0,60,100.0,93.75,0,0.0,0.0,4,0.0,0,0.0,0.0,0,0.0,0.0,0,0.0,0.0,12.576917581452323,8049.214826035,380.3793710992552,168.88080773721111,0.5943436848680274,0.26387666945227634,Mount Pleasant city,Maury
"Murfreesboro city,Rutherford",152769,97785,64.008404846533,54984,29799,19.50592070380771,54.19576604103011,740,0.48439146685518664,1.3458460643096173,5797,3.794618018053401,10.543067074057907,103,0.06742205552173543,0.187327222464717,6638,4.3451223743036875,12.07260293903681,11907,7.79412053492528,21.655390659100828,13918,9.110487075257415,138851,90.88951292474259,57828,37.85322938554288,94941,62.146770614457125,62905,58999,93.79063667435021,3906,6.2093633256497895,5152,3.3724119422134073,1419,27.542701863354036,774,54.54545454545454,15.02329192546584,43,3.0303030303030303,0.8346273291925466,602,42.42424242424242,11.684782608695652,0,0.0,0.0,3733,0.0,2831,75.83712831502812,54.94953416149069,0,0.0,0.0,0,0.0,0.0,62.888306457150605,40248.45399843,2429.211543549678,1000.2654474860246,3.795648896376471,1.5629171744697021,Murfreesboro city,Rutherford
"Nashville-Davidson metropolitan government (balance),Davidson",689447,380838,55.238183645733464,308609,169349,24.56301934739001,54.8749388384655,3839,0.5568230770458062,1.2439689056378784,27375,3.9705735176162924,8.870447718634258,318,0.04612392250600844,0.10304300911509386,55554,8.057762235530795,18.00141927163498,52174,7.567514254177624,16.906182256512288,96349,13.974823300413231,593098,86.02517669958677,322050,46.711349820943454,367397,53.28865017905655,316363,290106,91.70035686853393,26257,8.29964313146607,24718,3.5851921902626307,7154,28.942471073711467,4378,61.1965334078837,17.711788979690912,156,2.180598266703942,0.6311190225746419,2421,33.841207715963094,9.794481754187231,199,2.781660609449259,0.8050813172586778,17564,0.8050813172586778,15112,86.03962650876792,61.137632494538394,0,0.0,0.0,0,0.0,0.0,475.78425325830784,304501.45200669504,1449.0748596206538,664.9295302092386,2.2641829635178268,1.0389539948500612,Nashville-Davidson metropolitan government (balance),Davidson
"New Deal CDP,Sumner",398,370,92.96482412060301,28,6,1.507537688442211,21.428571428571427,1,0.25125628140703515,3.571428571428571,1,0.25125628140703515,3.571428571428571,1,0.25125628140703515,3.571428571428571,3,0.7537688442211055,10.714285714285714,16,4.0201005025125625,57.14285714285714,1,0.25125628140703515,397,99.74874371859298,28,7.035175879396985,370,92.96482412060301,167,153,91.61676646706587,14,8.383233532934131,26,6.532663316582915,26,100.0,0,0.0,0.0,0,0.0,0.0,26,100.0,100.0,0,0.0,0.0,0,0.0,0,,0.0,0,,0.0,0,,0.0,1.894109081241906,1212.2279406,210.1251738569588,88.1681005882214,0.32832109100125784,0.13776286984223635,New Deal CDP,Sumner
"New Johnsonville city,Humphreys",1804,1616,89.57871396895787,188,27,1.4966740576496673,14.361702127659576,8,0.4434589800443459,4.25531914893617,9,0.4988913525498891,4.787234042553192,0,0.0,0.0,16,0.8869179600886918,8.51063829787234,128,7.095343680709535,68.08510638297872,39,2.161862527716186,1765,97.83813747228382,199,11.031042128603104,1605,88.9689578713969,790,716,90.63291139240506,74,9.367088607594937,0,0.0,0,,0,,,0,,,0,,,0,,,0,,0,,,0,,,0,,,5.145126708142285,3292.8760097850004,350.6230462983793,153.54335176037674,0.5478493555904607,0.23991185749249663,New Johnsonville city,Humphreys
"Nolensville town,Williamson",13829,11017,79.66591944464531,2812,752,5.437848000578494,26.742532005689903,13,0.09400535107383036,0.46230440967283076,907,6.558681032612626,32.25462304409673,11,0.07954298937016414,0.39118065433854904,139,1.0051341384048016,4.943100995732575,990,7.158869043314773,35.206258890469414,705,5.097982500542338,13124,94.90201749945766,3018,21.82370381083231,10811,78.17629618916769,4216,4089,96.9876660341556,127,3.0123339658444026,0,0.0,0,,0,,,0,,,0,,,0,,,0,,0,,,0,,,0,,,10.44371705514128,6683.968596815001,1324.1454098176855,403.6876887548891,2.068980396854303,0.6307629874277058,Nolensville town,Williamson
"Norene CDP,Wilson",148,129,87.16216216216216,19,3,2.027027027027027,15.789473684210526,2,1.3513513513513513,10.526315789473683,0,0.0,0.0,0,0.0,0.0,4,2.7027027027027026,21.052631578947366,10,6.756756756756757,52.63157894736842,9,6.081081081081082,139,93.91891891891892,20,13.513513513513514,128,86.48648648648648,66,63,95.45454545454545,3,4.545454545454546,0,0.0,0,,0,,,0,,,0,,,0,,,0,,0,,,0,,,0,,,1.70988931663942,1094.327473265,86.55531007754118,38.59898962917377,0.13524288077903407,0.060311014401461145,Norene CDP,Wilson
"Oak Grove CDP,Sumner",238,209,87.81512605042016,29,6,2.5210084033613445,20.689655172413794,0,0.0,0.0,0,0.0,0.0,0,0.0,0.0,11,4.621848739495799,37.93103448275862,12,5.042016806722689,41.37931034482759,20,8.403361344537815,218,91.59663865546219,32,13.445378151260504,206,86.5546218487395,101,101,100.0,0,0.0,0,0.0,0,,0,,,0,,,0,,,0,,,0,,0,,,0,,,0,,,1.2826591700585155,820.90060156,185.55202001880386,78.74266395755961,0.28992547885543785,0.1230356023714253,Oak Grove CDP,Sumner
"Oak Hill city,Davidson",4891,4520,92.41463913310162,371,59,1.2062972807196892,15.902964959568733,5,0.10222858311183806,1.3477088948787064,82,1.6765487630341445,22.10242587601078,0,0.0,0.0,34,0.6951543651604989,9.164420485175203,191,3.905131874872214,51.482479784366575,137,2.8010631772643633,4754,97.19893682273563,411,8.40318953179309,4480,91.59681046820691,1874,1764,94.13020277481323,110,5.869797225186766,0,0.0,0,,0,,,0,,,0,,,0,,,0,,0,,,0,,,0,,,7.844720182040408,5020.613165860001,623.476667937422,238.8867871017642,0.9741837975605518,0.37326118107308814,Oak Hill city,Davidson
"Orlinda city,Robertson ",947,833,87.96198521647307,114,36,3.8014783526927136,31.57894736842105,0,0.0,0.0,1,0.10559662090813093,0.8771929824561403,0,0.0,0.0,14,1.478352692713833,12.280701754385964,63,6.652587117212249,55.26315789473685,35,3.695881731784583,912,96.30411826821542,119,12.565997888067582,828,87.43400211193241,373,348,93.2975871313673,25,6.702412868632708,0,0.0,0,,0,,,0,,,0,,,0,,,0,,0,,,0,,,0,,,6.5887043775347935,4216.764291930001,143.7308377697052,56.6120406421331,0.22457978071298856,0.08845645005907575,Orlinda city,Robertson 
"Pegram town,Cheatham",2072,1924,92.85714285714286,148,44,2.1235521235521233,29.72972972972973,1,0.04826254826254826,0.6756756756756757,8,0.3861003861003861,5.405405405405405,0,0.0,0.0,24,1.1583011583011582,16.216216216216218,71,3.4266409266409266,47.97297297297297,59,2.8474903474903472,2013,97.15250965250965,166,8.011583011583012,1906,91.98841698841699,849,812,95.64193168433451,37,4.358068315665489,0,0.0,0,,0,,,0,,,0,,,0,,,0,,0,,,0,,,0,,,7.247633657257237,4638.478379925,285.8864145161717,117.1416823958638,0.44669821227742845,0.18303416130479572,Pegram town,Cheatham
"Pleasant View city,Cheatham",4807,4294,89.32806324110672,513,116,2.4131474932390264,22.612085769980506,15,0.31204493447056375,2.923976608187134,47,0.9777407946744331,9.161793372319687,4,0.08321198252548366,0.7797270955165692,64,1.3313917204077386,12.475633528265107,267,5.554399833576035,52.046783625730995,207,4.30622009569378,4600,95.69377990430623,599,12.46099438319118,4208,87.53900561680882,1927,1810,93.92838609237157,117,6.0716139076284374,0,0.0,0,,0,,,0,,,0,,,0,,,0,,0,,,0,,,0,,,12.521606516729241,8013.815799260001,383.8964268345044,153.8939909527959,0.5998390929379586,0.24045973207643978,Pleasant View city,Cheatham
"Portland city,Robertson ",43,40,93.02325581395348,3,2,4.651162790697675,66.66666666666666,0,0.0,0.0,0,0.0,0.0,0,0.0,0.0,0,0.0,0.0,1,2.3255813953488373,33.33333333333333,2,4.651162790697675,41,95.34883720930233,4,9.30232558139535,39,90.69767441860465,24,23,95.83333333333334,1,4.166666666666666,0,0.0,0,,0,,,0,,,0,,,0,,,0,,0,,,0,,,0,,,1.6434693206105393,1051.81874143,26.16416349288817,14.603254042542236,0.04088156856906672,0.02281761966645584,Portland city,Robertson 
"Portland city,Sumner",13113,11011,83.97010600167772,2102,606,4.621368107984443,28.82968601332065,55,0.4194310989094791,2.6165556612749765,72,0.5490734385724091,3.425309229305423,2,0.015252039960344696,0.09514747859181732,389,2.9665217722870434,18.506184586108468,978,7.458247540608556,46.52711703139867,953,7.267597041104247,12160,92.73240295889576,2325,17.73049645390071,10788,82.26950354609929,5060,4800,94.86166007905138,260,5.138339920948617,62,0.4728132387706856,10,16.129032258064516,0,0.0,0.0,0,0.0,0.0,10,100.0,16.129032258064516,0,0.0,0.0,52,0.0,0,0.0,0.0,0,0.0,0.0,0,0.0,0.0,12.858653237728989,8229.525367695,1019.7802022940259,393.5093284227691,1.5934090259293785,0.6148592748572146,Portland city,Sumner
"Ridgetop city,Davidson",60,45,75.0,15,4,6.666666666666667,26.666666666666668,3,5.0,20.0,5,8.333333333333332,33.33333333333333,0,0.0,0.0,2,3.3333333333333335,13.333333333333334,1,1.6666666666666667,6.666666666666667,4,6.666666666666667,56,93.33333333333333,16,26.666666666666668,44,73.33333333333333,27,22,81.48148148148148,5,18.51851851851852,0,0.0,0,,0,,,0,,,0,,,0,,,0,,0,,,0,,,0,,,0.2925102231131629,187.20625379,205.12103598098147,92.30446619144166,0.32050211349939967,0.14422595107472985,Ridgetop city,Davidson
"Ridgetop city,Robertson ",2095,1914,91.36038186157518,181,28,1.3365155131264916,15.469613259668508,4,0.1909307875894988,2.209944751381215,11,0.5250596658711217,6.077348066298343,2,0.0954653937947494,1.1049723756906076,30,1.431980906921241,16.574585635359114,106,5.059665871121719,58.5635359116022,62,2.9594272076372317,2033,97.04057279236277,200,9.54653937947494,1895,90.45346062052506,871,835,95.86681974741677,36,4.133180252583238,0,0.0,0,,0,,,0,,,0,,,0,,,0,,0,,,0,,,0,,,2.734797496510395,1750.267695765,766.0530634071526,318.48793232822436,1.1969597593951624,0.4976381624979411,Ridgetop city,Robertson 
"Rockvale CDP,Rutherford",1279,1096,85.69194683346365,183,29,2.2673964034401877,15.846994535519126,7,0.547302580140735,3.825136612021858,16,1.2509773260359656,8.743169398907105,0,0.0,0.0,19,1.4855355746677092,10.382513661202186,112,8.75684128225176,61.20218579234973,55,4.300234558248632,1224,95.69976544175137,191,14.93354182955434,1088,85.06645817044566,425,409,96.23529411764706,16,3.7647058823529407,0,0.0,0,,0,,,0,,,0,,,0,,,0,,0,,,0,,,0,,,4.368733182622018,2795.984920535,292.7622142472826,97.28220567247467,0.45744166594262914,0.15200368102081108,Rockvale CDP,Rutherford
"Rural Hill CDP,Wilson",2047,1790,87.44504152418173,257,41,2.0029311187103076,15.953307392996107,8,0.39081582804103565,3.11284046692607,65,3.1753786028334146,25.291828793774318,0,0.0,0.0,45,2.1983390327308254,17.509727626459142,98,4.7874938935026865,38.13229571984436,73,3.56619443087445,1974,96.43380556912555,273,13.336590131900342,1774,86.66340986809966,789,772,97.84537389100126,17,2.1546261089987326,0,0.0,0,,0,,,0,,,0,,,0,,,0,,0,,,0,,,0,,,3.8424929290133436,2459.1916781550003,532.7270701121677,205.33544617415745,0.8323873320585382,0.3208371299434229,Rural Hill CDP,Wilson
"Shackle Island CDP,Sumner",3331,2940,88.2617832482738,391,142,4.262984088862203,36.31713554987212,8,0.24016811768237767,2.0460358056265986,37,1.1107775442809968,9.462915601023019,1,0.03002101471029721,0.2557544757033248,38,1.140798558991294,9.718670076726342,165,4.9534674271990395,42.19948849104859,124,3.7226058240768536,3207,96.27739417592315,421,12.638847193035124,2910,87.36115280696487,1141,1124,98.51007887817704,17,1.4899211218229622,0,0.0,0,,0,,,0,,,0,,,0,,,0,,0,,,0,,,0,,,5.542772935130771,3547.3692021800002,600.9627381428013,205.85364281625226,0.9390057279498755,0.321646813446655,Shackle Island CDP,Sumner
"Slayden town,Dickson",170,162,95.29411764705881,8,3,1.7647058823529411,37.5,0,0.0,0.0,0,0.0,0.0,0,0.0,0.0,0,0.0,0.0,5,2.941176470588235,62.5,2,1.1764705882352942,168,98.82352941176471,9,5.294117647058823,161,94.70588235294117,93,87,93.54838709677419,6,6.451612903225806,0,0.0,0,,0,,,0,,,0,,,0,,,0,,0,,,0,,,0,,,1.5328039477226212,980.99301212,110.90785631951118,60.67312139832082,0.1732937930236803,0.09480189853648394,Slayden town,Dickson
"Smyrna town,Rutherford",53070,31255,58.893913698888255,21815,8664,16.325607687959298,39.71579188631675,304,0.5728283399283964,1.393536557414623,3115,5.869606180516299,14.279165711666284,62,0.11682683248539665,0.2842081136832455,4899,9.2312040700961,22.45702498280999,4771,8.990013190126248,21.870272748109098,8988,16.936122102882983,44082,83.06387789711701,23342,43.983418127002075,29728,56.016581872997925,20413,19325,94.67006319502278,1088,5.329936804977221,303,0.570944036178632,239,78.87788778877888,0,0.0,0.0,0,0.0,0.0,160,66.94560669456067,52.8052805280528,79,33.054393305439326,26.072607260726073,64,26.072607260726073,0,0.0,0.0,0,0.0,0.0,0,0.0,0.0,33.01839790707725,21131.74203809,1607.2857365567345,618.231086118949,2.51138784035605,0.9659875633161494,Smyrna town,Rutherford
"Smyrna town,Williamson",0,0,,0,0,,,0,,,0,,,0,,,0,,,0,,,0,,0,,0,,0,,0,0,,0,,0,,0,,0,,,0,,,0,,,0,,,0,,0,,,0,,,0,,,0.00899811080500775,5.758782025,0.0,0.0,0.0,0.0,Smyrna town,Williamson
"Spring Hill city,Maury",16648,13199,79.28279673234022,3449,1347,8.091061989428159,39.054798492316614,57,0.34238346948582415,1.6526529428819947,340,2.042287361845267,9.857929834734707,13,0.07808745795290727,0.37692084662220937,424,2.5468524747717445,12.29341838213975,1268,7.616530514175877,36.76427950130473,1367,8.21119654012494,15281,91.78880345987506,3854,23.14992791926958,12794,76.85007208073041,7324,6881,93.95139268159475,443,6.048607318405243,149,0.8950024026910139,146,97.98657718120806,0,0.0,0.0,38,26.027397260273972,25.503355704697988,108,73.97260273972603,72.48322147651007,0,0.0,0.0,3,0.0,0,0.0,0.0,0,0.0,0.0,0,0.0,0.0,16.76326730133792,10728.474510615,993.1238165409007,436.9076665272439,1.5517583588913861,0.6826692828279981,Spring Hill city,Maury
"Spring Hill city,Williamson",33357,27509,82.46844740234434,5848,1640,4.916509278412327,28.0437756497948,98,0.29379140810024884,1.6757865937072502,758,2.272386605510088,12.961696306429548,22,0.06595317324699464,0.3761969904240766,867,2.5991546002338337,14.825581395348838,2463,7.383757532152171,42.11696306429549,2566,7.6925382978085555,30791,92.30746170219145,6529,19.57310309680127,26828,80.42689690319872,10615,10330,97.31512011304757,285,2.6848798869524257,117,0.3507509668135624,86,73.50427350427351,0,0.0,0.0,0,0.0,0.0,86,100.0,73.50427350427351,0,0.0,0.0,31,0.0,0,0.0,0.0,0,0.0,0.0,0,0.0,0.0,10.012581099124484,6408.04201093,3331.5085960119504,1060.1661944019802,5.205490217308811,1.6565122360144207,Spring Hill city,Williamson
"Springfield city,Robertson ",18782,10439,55.579810456820354,8343,3828,20.381216057927805,45.88277597986336,185,0.9849856245341284,2.217427783770826,115,0.6122883611968906,1.3784010547764594,6,0.03194547971462038,0.0719165767709457,2552,13.58747737195187,30.588517319908902,1657,8.822276647854329,19.860961284909507,4388,23.362794164625704,14394,76.63720583537429,9092,48.40805026088809,9690,51.59194973911192,7351,6921,94.15045572031016,430,5.849544279689838,705,3.7535938664678947,622,88.22695035460994,477,76.68810289389067,67.65957446808511,0,0.0,0.0,145,23.311897106109324,20.56737588652482,0,0.0,0.0,83,0.0,0,0.0,0.0,0,0.0,0.0,0,0.0,0.0,13.128295402195553,8402.096086545,1430.6503186132552,559.9356028179128,2.2353945737513325,0.8749007300418511,Springfield city,Robertson 
"Statesville CDP,Wilson",82,70,85.36585365853658,12,6,7.317073170731707,50.0,0,0.0,0.0,0,0.0,0.0,0,0.0,0.0,0,0.0,0.0,6,7.317073170731707,50.0,3,3.6585365853658534,79,96.34146341463415,12,14.634146341463413,70,85.36585365853658,38,32,84.21052631578947,6,15.789473684210526,0,0.0,0,,0,,,0,,,0,,,0,,,0,,0,,,0,,,0,,,0.8781152280075334,561.9928783400001,93.38182209419163,43.274502921698556,0.14590932227150186,0.06761651519898866,Statesville CDP,Wilson
"Tennessee Ridge town,Houston",1332,1229,92.26726726726727,103,18,1.3513513513513513,17.475728155339805,7,0.5255255255255256,6.796116504854369,1,0.07507507507507508,0.9708737864077669,1,0.07507507507507508,0.9708737864077669,15,1.1261261261261262,14.563106796116504,61,4.57957957957958,59.22330097087378,37,2.7777777777777777,1295,97.22222222222221,114,8.558558558558559,1218,91.44144144144144,599,542,90.48414023372288,57,9.515859766277128,8,0.6006006006006006,0,0.0,0,,0.0,0,,0.0,0,,0.0,0,,0.0,8,0.0,0,0.0,0.0,0,0.0,0.0,0,0.0,0.0,3.749792503460599,2399.8634973900002,355.21965515977945,159.7421722527837,0.5550315680240281,0.2495975294642589,Tennessee Ridge town,Houston
"Thompson's Station town,Williamson",7485,6566,87.72211088844355,919,193,2.578490313961256,21.00108813928183,20,0.26720106880427524,2.176278563656148,127,1.6967267869071476,13.81936887921654,5,0.06680026720106881,0.544069640914037,108,1.4428857715430863,11.7519042437432,466,6.225784903139613,50.70729053318824,397,5.303941215764863,7088,94.69605878423513,1047,13.987975951903808,6438,86.0120240480962,2690,2556,95.0185873605948,134,4.981412639405204,0,0.0,0,,0,,,0,,,0,,,0,,,0,,0,,,0,,,0,,,20.346355178516493,13021.64721189,367.8791574376591,132.21041195822352,0.574812070869612,0.206579087593755,Thompson's Station town,Williamson
"Tuckers Crossroads CDP,Wilson",263,236,89.73384030418251,27,8,3.041825095057034,29.629629629629626,0,0.0,0.0,0,0.0,0.0,0,0.0,0.0,4,1.520912547528517,14.814814814814813,15,5.7034220532319395,55.55555555555556,6,2.2813688212927756,257,97.71863117870723,28,10.646387832699618,235,89.35361216730038,99,95,95.95959595959596,4,4.040404040404041,0,0.0,0,,0,,,0,,,0,,,0,,,0,,0,,,0,,,0,,,2.8491802609808325,1823.472552015,92.30725187933952,34.746836258762784,0.1442303037187897,0.054292015468289656,Tuckers Crossroads CDP,Wilson
"Vanleer town,Dickson",374,350,93.58288770053476,24,6,1.6042780748663104,25.0,0,0.0,0.0,2,0.53475935828877,8.333333333333332,1,0.267379679144385,4.166666666666666,3,0.8021390374331552,12.5,12,3.2085561497326207,50.0,14,3.7433155080213902,360,96.2566844919786,34,9.090909090909092,340,90.9090909090909,166,141,84.93975903614458,25,15.060240963855422,0,0.0,0,,0,,,0,,,0,,,0,,,0,,0,,,0,,,0,,,0.7879422271846565,504.282246905,474.6540889632408,210.67534429919243,0.7416481589336151,0.32918073364433187,Vanleer town,Dickson
"Walnut Grove CDP,Sumner",911,866,95.06037321624589,45,12,1.3172338090010975,26.666666666666668,2,0.21953896816684962,4.444444444444445,4,0.43907793633369924,8.88888888888889,0,0.0,0.0,3,0.3293084522502744,6.666666666666667,24,2.634467618002195,53.333333333333336,21,2.305159165751921,890,97.69484083424807,56,6.147091108671789,855,93.85290889132821,348,318,91.37931034482759,30,8.620689655172415,0,0.0,0,,0,,,0,,,0,,,0,,,0,,0,,,0,,,0,,,4.817075395232436,3082.9234936400003,189.11890000759308,72.24300461321887,0.2954987374417081,0.11287986896785338,Walnut Grove CDP,Sumner
"Walterhill CDP,Rutherford",407,314,77.14987714987716,93,30,7.371007371007371,32.25806451612903,0,0.0,0.0,9,2.211302211302211,9.67741935483871,2,0.4914004914004914,2.1505376344086025,24,5.896805896805897,25.806451612903224,28,6.87960687960688,30.107526881720432,26,6.388206388206388,381,93.61179361179362,93,22.85012285012285,314,77.14987714987716,171,163,95.32163742690058,8,4.678362573099415,0,0.0,0,,0,,,0,,,0,,,0,,,0,,0,,,0,,,0,,,3.014879477241992,1929.51988671,134.99710455169608,56.71868520476666,0.21093330149292763,0.0886230824454315,Walterhill CDP,Rutherford
"Watertown city,Wilson",1553,1293,83.25820991629105,260,91,5.859626529298133,35.0,9,0.5795235028976174,3.4615384615384617,2,0.128783000643915,0.7692307692307693,0,0.0,0.0,29,1.8673535093367677,11.153846153846155,129,8.306503541532518,49.61538461538461,58,3.7347070186735354,1495,96.26529298132647,270,17.385705086928528,1283,82.61429491307148,624,570,91.34615384615384,54,8.653846153846153,0,0.0,0,,0,,,0,,,0,,,0,,,0,,0,,,0,,,0,,,1.4361251255281768,919.118661435,1081.3820971406228,434.5025296946224,1.6896621352191183,0.6789112507255182,Watertown city,Wilson
"Waverly city,Humphreys",4297,3718,86.52548289504306,579,284,6.6092622760065165,49.05008635578584,12,0.27926460321154295,2.072538860103627,23,0.5352571561554573,3.9723661485319512,0,0.0,0.0,42,0.9774261112404002,7.253886010362693,218,5.07330695834303,37.65112262521589,144,3.351175238538515,4153,96.64882476146148,640,14.89411217128229,3657,85.10588782871771,1915,1743,91.01827676240208,172,8.98172323759791,177,4.119152897370258,161,90.96045197740112,78,48.4472049689441,44.06779661016949,0,0.0,0.0,83,51.5527950310559,46.89265536723164,0,0.0,0.0,16,0.0,0,0.0,0.0,0,0.0,0.0,0,0.0,0.0,8.713554672462875,5576.666381315,493.1397301700132,219.77253508856768,0.7705320179090129,0.3433951161963602,Waverly city,Humphreys
"Westmoreland town,Sumner",2718,2479,91.20676968359088,239,36,1.3245033112582782,15.062761506276152,6,0.22075055187637968,2.510460251046025,26,0.9565857247976454,10.87866108786611,0,0.0,0.0,25,0.919793966151582,10.460251046025103,146,5.371596762325239,61.08786610878661,75,2.759381898454746,2643,97.24061810154525,269,9.896983075791024,2449,90.10301692420897,1070,1002,93.64485981308411,68,6.355140186915888,104,3.8263428991905815,104,100.0,0,0.0,0.0,0,0.0,0.0,104,100.0,100.0,0,0.0,0.0,0,0.0,0,,0.0,0,,0.0,0,,0.0,4.1795581829167014,2674.91310763,650.3079706150294,256.0079207351293,1.0161077727149708,0.40001299367366394,Westmoreland town,Sumner
"White Bluff town,Dickson",3862,3518,91.09269808389435,344,24,0.6214396685655101,6.976744186046512,20,0.5178663904712585,5.813953488372093,15,0.38839979285344384,4.3604651162790695,0,0.0,0.0,65,1.6830657690315898,18.8953488372093,220,5.696530295183842,63.95348837209303,134,3.469704816157431,3728,96.53029518384257,377,9.761781460383222,3485,90.23821853961678,1597,1515,94.86537257357546,82,5.134627426424546,0,0.0,0,,0,,,0,,,0,,,0,,,0,,0,,,0,,,0,,,6.296504194454947,4029.7564634550004,613.356218106087,253.6328017388454,0.958370570287225,0.3963018645128686,White Bluff town,Dickson
"White House city,Robertson ",6192,5333,86.12726098191214,859,176,2.842377260981912,20.48894062863795,13,0.2099483204134367,1.5133876600698486,87,1.4050387596899225,10.128055878928988,1,0.016149870801033594,0.11641443538998836,136,2.1963824289405682,15.832363213038416,446,7.202842377260982,51.920838183934805,320,5.167958656330749,5872,94.83204134366925,929,15.003229974160206,5263,84.9967700258398,2446,2341,95.70727718724447,105,4.292722812755519,49,0.7913436692506459,49,100.0,0,0.0,0.0,0,0.0,0.0,49,100.0,100.0,0,0.0,0.0,0,0.0,0,,0.0,0,,0.0,0,,0.0,6.476710041017147,4145.08802721,956.0409468365773,377.66087790088307,1.4938162855295856,0.5900960326882051,White House city,Robertson 
"White House city,Sumner",6790,6045,89.02798232695139,745,120,1.7673048600883652,16.10738255033557,23,0.3387334315169367,3.087248322147651,65,0.9572901325478645,8.724832214765101,1,0.014727540500736377,0.1342281879194631,105,1.5463917525773196,14.093959731543624,431,6.347569955817378,57.852348993288594,294,4.329896907216495,6496,95.6701030927835,813,11.973490427098675,5977,88.02650957290132,2593,2479,95.60354801388354,114,4.3964519861164675,0,0.0,0,,0,,,0,,,0,,,0,,,0,,0,,,0,,,0,,,4.739560753677621,3033.31419963,1432.622209712442,547.0971118975497,2.2384756583502745,0.8548405570106423,White House city,Sumner
