NAME,GEO_ID,pop,agebysex_total_series,age_total_male,age_m_u5,age_m_5to9,age_m_10to14,age_m_15to17,age_m_18to19,age_m_20,age_m_21,age_m_22to24,age_m_25to29,age_m_30to34,age_m_35to39,age_m_40to44,age_m_45to49,age_m_50to54,age_m_55to59,age_m_60to61,age_m_62to64,age_m_65to66,age_m_67to69,age_m_70to74,age_m_75to79,age_m_80to84,age_m_85+,age_total_female,age_f_u5,age_f_5to9,age_f_10to14,age_f_15to17,age_f_18to19,age_f_20,age_f_21,age_f_22to24,age_f_25to29,age_f_30to34,age_f_35to39,age_f_40to44,age_f_45to49,age_f_50to54,age_f_55to59,age_f_60to61,age_f_62to64,age_f_65to66,age_f_67to69,age_f_70to74,age_f_75to79,age_f_80to84,age_f_85+,raceeth_total_series,raceeth_total_oneracealone,raceeth_white_alone,raceeth_blackafricanamerican_alone,raceeth_americanindianalaskanative_alone,raceeth_asian_alone,raceeth_nativehawaiianotherpacificislander_alone,raceeth_someotherrace_alone,raceeth_twoormoreraces_alone,raceeth_whitealone_nothispanicorlatino,raceeth_hispanicorlatino,hhsize_avg,units_allhousing,occupancy_total_series,occupancy_occupiedunits,occupancy_vacantunits,tenure_total_series,tenure_owneroccunits,tenure_renteroccunits,hhtype_total_series,hhtype_oneperson,hhtype_oneperson_male,hhtype_oneperson_female,hhtype_twoormore,hhtype_twoormore_family,hhtype_twoormore_family_marriedcouplefam,hhtype_twoormore_family_marriedcouplefam_ownchildrenunder18,hhtype_twoormore_family_marriedcouplefam_noownchildrenunder18,hhtype_twoormore_family_otherfam,hhtype_twoormore_family_otherfam_malenospouse,hhtype_twoormore_family_otherfam_malenospouse_ownchildrenunder18,hhtype_twoormore_family_otherfam_malenospouse_noownchildrenunder18,hhtype_twoormore_family_otherfam_femalenospouse,hhtype_twoormore_family_otherfam_femalenospouse_ownchildrenunder18,hhtype_twoormore_family_otherfam_femalenospouse_noownchildrenunder18,hhtype_twoormore_nonfamily,hhtype_twoormore_nonfamily_male,hhtype_twoormore_nonfamily_female,StateFIPS,GeoFIPS
"Cheatham County, Tennessee",0500000US47021,35912.0,35912.0,17981.0,1372.0,1473.0,1487.0,829.0,440.0,180.0,177.0,570.0,1133.0,1388.0,1787.0,1617.0,1411.0,1231.0,881.0,284.0,394.0,221.0,268.0,389.0,226.0,135.0,88.0,17931.0,1187.0,1330.0,1398.0,854.0,369.0,173.0,182.0,518.0,1201.0,1487.0,1780.0,1649.0,1372.0,1161.0,850.0,289.0,373.0,217.0,312.0,433.0,327.0,204.0,265.0,35912.0,35660.0,34783.0,532.0,135.0,63.0,17.0,130.0,252.0,34506.0,437.0,2.76,13508.0,13508.0,12878.0,630.0,12878.0,10773.0,2105.0,12878.0,2177.0,1042.0,1135.0,10701.0,10162.0,8356.0,4026.0,4330.0,1806.0,564.0,357.0,207.0,1242.0,714.0,528.0,539.0,330.0,209.0,47.0,21.0
"Davidson County, Tennessee",0500000US47037,569891.0,569891.0,275865.0,19466.0,18200.0,17089.0,10120.0,9254.0,4730.0,4558.0,14070.0,26542.0,24511.0,24019.0,22218.0,19891.0,16467.0,11655.0,3874.0,5310.0,3010.0,4378.0,6608.0,4941.0,2961.0,1993.0,294026.0,18347.0,17524.0,16143.0,9558.0,9399.0,4935.0,4832.0,14420.0,25950.0,23184.0,24029.0,23233.0,20978.0,17698.0,13313.0,4521.0,6409.0,4016.0,5878.0,9508.0,8301.0,5841.0,6009.0,569891.0,558652.0,381783.0,147696.0,1679.0,13275.0,403.0,13816.0,11239.0,371150.0,26091.0,2.3,252977.0,252977.0,237405.0,15572.0,237405.0,131340.0,106065.0,237405.0,79249.0,34151.0,45098.0,158156.0,138106.0,94784.0,39175.0,55609.0,43322.0,9283.0,4111.0,5172.0,34039.0,19985.0,14054.0,20050.0,11527.0,8523.0,47.0,37.0
"Dickson County, Tennessee",0500000US47043,43156.0,43156.0,21158.0,1538.0,1686.0,1726.0,957.0,557.0,250.0,236.0,701.0,1416.0,1594.0,1779.0,1756.0,1467.0,1361.0,1104.0,384.0,548.0,338.0,428.0,538.0,414.0,242.0,138.0,21998.0,1437.0,1584.0,1601.0,957.0,532.0,246.0,227.0,744.0,1459.0,1649.0,1753.0,1828.0,1513.0,1431.0,1129.0,381.0,556.0,322.0,505.0,693.0,579.0,462.0,410.0,43156.0,42718.0,40243.0,1978.0,172.0,116.0,5.0,204.0,438.0,40020.0,484.0,2.59,17614.0,17614.0,16473.0,1141.0,16473.0,12539.0,3934.0,16473.0,3678.0,1591.0,2087.0,12795.0,12175.0,9604.0,4322.0,5282.0,2571.0,670.0,387.0,283.0,1901.0,1162.0,739.0,620.0,384.0,236.0,47.0,43.0
"Houston County, Tennessee",0500000US47083,8088.0,8088.0,3999.0,268.0,311.0,266.0,174.0,86.0,36.0,39.0,146.0,264.0,256.0,255.0,300.0,280.0,266.0,234.0,83.0,150.0,73.0,112.0,158.0,112.0,77.0,53.0,4089.0,273.0,243.0,298.0,137.0,78.0,37.0,43.0,127.0,244.0,240.0,277.0,271.0,293.0,274.0,260.0,92.0,137.0,92.0,112.0,180.0,151.0,113.0,117.0,8088.0,8011.0,7650.0,268.0,15.0,10.0,5.0,63.0,77.0,7611.0,101.0,2.46,3901.0,3901.0,3216.0,685.0,3216.0,2476.0,740.0,3216.0,815.0,368.0,447.0,2401.0,2300.0,1833.0,746.0,1087.0,467.0,134.0,59.0,75.0,333.0,194.0,139.0,101.0,68.0,33.0,47.0,83.0
"Humphreys County, Tennessee",0500000US47085,17929.0,17929.0,8819.0,567.0,610.0,660.0,402.0,214.0,108.0,110.0,280.0,537.0,536.0,651.0,701.0,635.0,624.0,589.0,202.0,275.0,153.0,240.0,312.0,225.0,114.0,74.0,9110.0,505.0,597.0,584.0,357.0,198.0,89.0,89.0,278.0,602.0,571.0,669.0,668.0,684.0,633.0,556.0,192.0,301.0,174.0,255.0,394.0,290.0,236.0,188.0,17929.0,17777.0,17125.0,527.0,48.0,46.0,2.0,29.0,152.0,17030.0,148.0,2.44,8482.0,8482.0,7238.0,1244.0,7238.0,5641.0,1597.0,7238.0,1808.0,788.0,1020.0,5430.0,5145.0,4144.0,1616.0,2528.0,1001.0,266.0,139.0,127.0,735.0,441.0,294.0,285.0,180.0,105.0,47.0,85.0
"Macon County, Tennessee",0500000US47111,20386.0,20386.0,10061.0,734.0,746.0,766.0,469.0,274.0,126.0,150.0,342.0,743.0,801.0,779.0,705.0,720.0,664.0,574.0,158.0,256.0,164.0,208.0,295.0,195.0,120.0,72.0,10325.0,712.0,717.0,727.0,443.0,226.0,124.0,125.0,376.0,669.0,765.0,783.0,742.0,683.0,655.0,585.0,187.0,278.0,150.0,245.0,322.0,332.0,247.0,232.0,20386.0,20297.0,19949.0,44.0,85.0,48.0,14.0,157.0,89.0,19784.0,349.0,2.55,8894.0,8894.0,7916.0,978.0,7916.0,6225.0,1691.0,7916.0,1887.0,809.0,1078.0,6029.0,5806.0,4802.0,2202.0,2600.0,1004.0,307.0,160.0,147.0,697.0,411.0,286.0,223.0,145.0,78.0,47.0,111.0
"Maury County, Tennessee",0500000US47119,69498.0,69498.0,33782.0,2444.0,2512.0,2746.0,1748.0,967.0,460.0,429.0,1168.0,2177.0,2249.0,2615.0,3068.0,2707.0,2296.0,1661.0,527.0,718.0,416.0,654.0,908.0,625.0,396.0,291.0,35716.0,2322.0,2324.0,2617.0,1521.0,931.0,427.0,435.0,1262.0,2169.0,2397.0,2928.0,3123.0,2739.0,2316.0,1702.0,606.0,821.0,507.0,794.0,1265.0,1029.0,779.0,702.0,69498.0,68629.0,57262.0,9904.0,214.0,232.0,14.0,1003.0,869.0,56327.0,2264.0,2.58,28674.0,28674.0,26444.0,2230.0,26444.0,19247.0,7197.0,26444.0,6126.0,2569.0,3557.0,20318.0,19274.0,14792.0,6660.0,8132.0,4482.0,1075.0,556.0,519.0,3407.0,1994.0,1413.0,1044.0,625.0,419.0,47.0,119.0
"Montgomery County, Tennessee",0500000US47125,134768.0,134768.0,67775.0,5901.0,5751.0,5340.0,2863.0,2128.0,1317.0,1380.0,4050.0,6608.0,6027.0,5842.0,5081.0,3888.0,3200.0,2251.0,772.0,1070.0,654.0,1011.0,1224.0,704.0,417.0,296.0,66993.0,5552.0,5335.0,4878.0,2709.0,1987.0,1148.0,1168.0,3374.0,5987.0,5619.0,5840.0,5196.0,4018.0,3294.0,2529.0,881.0,1285.0,779.0,1068.0,1440.0,1279.0,844.0,783.0,134768.0,130849.0,98611.0,25848.0,709.0,2455.0,287.0,2939.0,3919.0,95515.0,6960.0,2.7,52167.0,52167.0,48330.0,3837.0,48330.0,30700.0,17630.0,48330.0,9740.0,4727.0,5013.0,38590.0,35964.0,28371.0,14702.0,13669.0,7593.0,1701.0,1011.0,690.0,5892.0,3951.0,1941.0,2626.0,1736.0,890.0,47.0,125.0
"Robertson County, Tennessee",0500000US47147,54433.0,54433.0,27051.0,1897.0,2112.0,2267.0,1285.0,771.0,358.0,316.0,997.0,1774.0,2035.0,2390.0,2299.0,1979.0,1740.0,1291.0,445.0,623.0,365.0,507.0,686.0,470.0,263.0,181.0,27382.0,1823.0,2019.0,2027.0,1152.0,623.0,331.0,315.0,906.0,1749.0,2123.0,2429.0,2289.0,2035.0,1726.0,1305.0,431.0,684.0,420.0,598.0,789.0,682.0,495.0,431.0,54433.0,53995.0,48518.0,4691.0,154.0,169.0,12.0,451.0,438.0,47644.0,1447.0,2.71,20995.0,20995.0,19906.0,1089.0,19906.0,15222.0,4684.0,19906.0,3711.0,1611.0,2100.0,16195.0,15442.0,12327.0,5666.0,6661.0,3115.0,882.0,441.0,441.0,2233.0,1335.0,898.0,753.0,471.0,282.0,47.0,147.0
"Rutherford County, Tennessee",0500000US47149,182023.0,182023.0,90585.0,7027.0,7045.0,6692.0,3821.0,3338.0,1861.0,1899.0,5023.0,7662.0,7512.0,8195.0,7231.0,6140.0,5079.0,3708.0,1149.0,1497.0,811.0,1183.0,1566.0,1107.0,635.0,404.0,91438.0,6629.0,6688.0,6487.0,3722.0,3520.0,1994.0,1894.0,4479.0,7340.0,7374.0,8153.0,7500.0,6162.0,5102.0,3719.0,1195.0,1564.0,943.0,1308.0,1941.0,1600.0,1054.0,1070.0,182023.0,179833.0,156050.0,17312.0,522.0,3467.0,74.0,2408.0,2190.0,153762.0,5065.0,2.65,70616.0,70616.0,66443.0,4173.0,66443.0,46399.0,20044.0,66443.0,13835.0,6523.0,7312.0,52608.0,47457.0,37394.0,18935.0,18459.0,10063.0,2641.0,1408.0,1233.0,7422.0,4755.0,2667.0,5151.0,3008.0,2143.0,47.0,149.0
"Stewart County, Tennessee",0500000US47161,12370.0,12370.0,6158.0,374.0,430.0,465.0,267.0,168.0,67.0,70.0,167.0,359.0,418.0,520.0,454.0,456.0,450.0,366.0,125.0,173.0,111.0,191.0,203.0,173.0,83.0,68.0,6212.0,353.0,420.0,417.0,234.0,161.0,42.0,61.0,187.0,378.0,391.0,488.0,499.0,445.0,397.0,371.0,144.0,210.0,121.0,165.0,257.0,193.0,136.0,142.0,12370.0,12234.0,11785.0,159.0,75.0,180.0,6.0,29.0,136.0,11701.0,124.0,2.49,5977.0,5977.0,4930.0,1047.0,4930.0,3904.0,1026.0,4930.0,1140.0,527.0,613.0,3790.0,3652.0,3071.0,1208.0,1863.0,581.0,183.0,104.0,79.0,398.0,241.0,157.0,138.0,90.0,48.0,47.0,161.0
"Sumner County, Tennessee",0500000US47165,130449.0,130449.0,63876.0,4567.0,4862.0,5077.0,3242.0,1792.0,798.0,685.0,2098.0,4180.0,4614.0,5440.0,5310.0,4923.0,4455.0,3507.0,1151.0,1510.0,836.0,1144.0,1544.0,1119.0,600.0,422.0,66573.0,4266.0,4574.0,4773.0,2976.0,1628.0,686.0,690.0,2108.0,4240.0,4796.0,5849.0,5619.0,5083.0,4494.0,3753.0,1202.0,1585.0,947.0,1323.0,1904.0,1650.0,1218.0,1209.0,130449.0,129198.0,119344.0,7540.0,373.0,856.0,38.0,1047.0,1251.0,118221.0,2291.0,2.64,51657.0,51657.0,48941.0,2716.0,48941.0,36975.0,11966.0,48941.0,9940.0,4205.0,5735.0,39001.0,37054.0,29897.0,13651.0,16246.0,7157.0,1885.0,1038.0,847.0,5272.0,3090.0,2182.0,1947.0,1202.0,745.0,47.0,165.0
"Trousdale County, Tennessee",0500000US47169,7259.0,7259.0,3573.0,217.0,286.0,264.0,163.0,97.0,54.0,37.0,123.0,206.0,232.0,278.0,285.0,250.0,268.0,211.0,73.0,100.0,47.0,93.0,112.0,80.0,62.0,35.0,3686.0,222.0,236.0,231.0,138.0,96.0,44.0,50.0,115.0,213.0,260.0,278.0,287.0,272.0,250.0,205.0,84.0,96.0,58.0,83.0,137.0,134.0,98.0,99.0,7259.0,7207.0,6284.0,824.0,17.0,8.0,2.0,72.0,52.0,6249.0,110.0,2.55,3095.0,3095.0,2780.0,315.0,2780.0,2125.0,655.0,2780.0,640.0,279.0,361.0,2140.0,2036.0,1621.0,671.0,950.0,415.0,101.0,59.0,42.0,314.0,156.0,158.0,104.0,62.0,42.0,47.0,169.0
"Williamson County, Tennessee",0500000US47187,126638.0,126638.0,62358.0,4722.0,5507.0,5676.0,3269.0,1513.0,531.0,508.0,1537.0,3300.0,4079.0,5323.0,6263.0,5704.0,4959.0,3167.0,953.0,1134.0,664.0,863.0,1134.0,847.0,441.0,264.0,64280.0,4447.0,5158.0,5525.0,3046.0,1277.0,484.0,455.0,1552.0,3522.0,4604.0,6232.0,6717.0,5944.0,4636.0,2997.0,894.0,1192.0,679.0,966.0,1385.0,1070.0,753.0,745.0,126638.0,125594.0,115941.0,6564.0,248.0,1583.0,32.0,1226.0,1044.0,114177.0,3197.0,2.81,47005.0,47005.0,44725.0,2280.0,44725.0,36443.0,8282.0,44725.0,7430.0,3066.0,4364.0,37295.0,35758.0,31211.0,16629.0,14582.0,4547.0,1054.0,534.0,520.0,3493.0,2074.0,1419.0,1537.0,871.0,666.0,47.0,187.0
"Wilson County, Tennessee",0500000US47189,88809.0,88809.0,43830.0,3074.0,3334.0,3531.0,2007.0,1185.0,478.0,491.0,1416.0,2724.0,3261.0,3866.0,3823.0,3496.0,3153.0,2526.0,844.0,1059.0,544.0,767.0,950.0,661.0,369.0,271.0,44979.0,2964.0,3214.0,3315.0,1866.0,1010.0,471.0,459.0,1310.0,2811.0,3390.0,4241.0,4039.0,3461.0,3166.0,2417.0,822.0,1005.0,643.0,779.0,1168.0,1001.0,689.0,738.0,88809.0,87990.0,81261.0,5563.0,288.0,426.0,24.0,428.0,819.0,80638.0,1127.0,2.67,34921.0,34921.0,32798.0,2123.0,32798.0,26707.0,6091.0,32798.0,5930.0,2692.0,3238.0,26868.0,25595.0,21069.0,9543.0,11526.0,4526.0,1212.0,700.0,512.0,3314.0,1942.0,1372.0,1273.0,789.0,484.0,47.0,189.0
"Allen County, Kentucky",0500000US21003,17800.0,17800.0,8716.0,610.0,663.0,671.0,402.0,250.0,127.0,107.0,312.0,626.0,577.0,638.0,690.0,581.0,548.0,457.0,185.0,244.0,149.0,200.0,284.0,186.0,118.0,91.0,9084.0,562.0,646.0,639.0,408.0,257.0,98.0,101.0,324.0,550.0,638.0,698.0,651.0,592.0,611.0,481.0,175.0,244.0,167.0,214.0,335.0,282.0,235.0,176.0,17800.0,17683.0,17376.0,191.0,29.0,21.0,2.0,64.0,117.0,17293.0,147.0,2.55,8057.0,8057.0,6910.0,1147.0,6910.0,5461.0,1449.0,6910.0,1598.0,692.0,906.0,5312.0,5110.0,4188.0,1830.0,2358.0,922.0,243.0,128.0,115.0,679.0,395.0,284.0,202.0,136.0,66.0,21.0,3.0
"Simpson County, Kentucky",0500000US21213,16405.0,16405.0,8003.0,597.0,591.0,667.0,363.0,194.0,109.0,89.0,293.0,544.0,569.0,668.0,616.0,576.0,491.0,411.0,167.0,199.0,109.0,153.0,224.0,183.0,110.0,80.0,8402.0,631.0,596.0,540.0,320.0,199.0,98.0,99.0,314.0,542.0,600.0,634.0,613.0,599.0,535.0,426.0,166.0,196.0,115.0,208.0,268.0,278.0,226.0,199.0,16405.0,16263.0,14410.0,1676.0,28.0,90.0,10.0,49.0,142.0,14314.0,150.0,2.52,7016.0,7016.0,6415.0,601.0,6415.0,4603.0,1812.0,6415.0,1551.0,627.0,924.0,4864.0,4637.0,3645.0,1580.0,2065.0,992.0,257.0,140.0,117.0,735.0,448.0,287.0,227.0,134.0,93.0,21.0,213.0
"Adams city, Tennessee",1600000US4700200,566.0,566.0,274.0,20.0,22.0,25.0,19.0,11.0,1.0,5.0,10.0,19.0,13.0,23.0,17.0,24.0,14.0,13.0,3.0,9.0,4.0,7.0,9.0,2.0,3.0,1.0,292.0,17.0,25.0,21.0,16.0,4.0,1.0,2.0,12.0,19.0,17.0,23.0,20.0,26.0,21.0,8.0,7.0,9.0,3.0,8.0,13.0,9.0,6.0,5.0,566.0,566.0,510.0,48.0,1.0,2.0,0.0,5.0,0.0,504.0,11.0,2.79,230.0,230.0,203.0,27.0,203.0,166.0,37.0,203.0,36.0,13.0,23.0,167.0,159.0,120.0,62.0,58.0,39.0,7.0,5.0,2.0,32.0,17.0,15.0,8.0,5.0,3.0,47.0,200.0
"Ashland City town, Tennessee",1600000US4702180,3641.0,3641.0,1782.0,116.0,133.0,137.0,77.0,58.0,19.0,27.0,85.0,157.0,160.0,148.0,127.0,117.0,118.0,69.0,26.0,29.0,19.0,42.0,36.0,38.0,23.0,21.0,1859.0,112.0,145.0,123.0,70.0,43.0,24.0,22.0,72.0,162.0,141.0,148.0,149.0,118.0,97.0,68.0,28.0,38.0,27.0,44.0,66.0,62.0,35.0,65.0,3641.0,3617.0,3424.0,136.0,10.0,9.0,0.0,38.0,24.0,3391.0,74.0,2.44,1508.0,1508.0,1416.0,92.0,1416.0,860.0,556.0,1416.0,391.0,159.0,232.0,1025.0,944.0,670.0,292.0,378.0,274.0,70.0,44.0,26.0,204.0,135.0,69.0,81.0,55.0,26.0,47.0,2180.0
"Belle Meade city, Tennessee",1600000US4704620,2943.0,2943.0,1425.0,103.0,156.0,133.0,54.0,23.0,1.0,2.0,14.0,22.0,28.0,86.0,128.0,147.0,130.0,129.0,21.0,36.0,24.0,42.0,65.0,44.0,28.0,9.0,1518.0,85.0,129.0,149.0,75.0,19.0,8.0,3.0,11.0,23.0,41.0,127.0,163.0,149.0,120.0,119.0,20.0,40.0,26.0,47.0,63.0,53.0,25.0,23.0,2943.0,2934.0,2903.0,10.0,1.0,14.0,0.0,6.0,9.0,2893.0,21.0,2.76,1133.0,1133.0,1067.0,66.0,1067.0,1016.0,51.0,1067.0,165.0,46.0,119.0,902.0,882.0,837.0,407.0,430.0,45.0,12.0,5.0,7.0,33.0,14.0,19.0,20.0,12.0,8.0,47.0,4620.0
"Berry Hill city, Tennessee",1600000US4705140,674.0,674.0,345.0,11.0,13.0,6.0,7.0,7.0,5.0,2.0,29.0,46.0,32.0,43.0,23.0,33.0,26.0,15.0,11.0,9.0,5.0,6.0,8.0,3.0,3.0,2.0,329.0,12.0,7.0,6.0,9.0,6.0,3.0,4.0,21.0,36.0,27.0,33.0,28.0,25.0,15.0,16.0,11.0,8.0,6.0,9.0,18.0,14.0,10.0,5.0,674.0,654.0,515.0,109.0,1.0,16.0,0.0,13.0,20.0,506.0,23.0,1.65,442.0,442.0,399.0,43.0,399.0,128.0,271.0,399.0,235.0,128.0,107.0,164.0,126.0,79.0,22.0,57.0,47.0,14.0,6.0,8.0,33.0,13.0,20.0,38.0,17.0,21.0,47.0,5140.0
"Brentwood city, Tennessee",1600000US4708280,23445.0,23445.0,11550.0,685.0,1091.0,1266.0,767.0,270.0,63.0,48.0,150.0,217.0,313.0,735.0,1183.0,1253.0,1223.0,872.0,233.0,285.0,140.0,204.0,250.0,182.0,78.0,42.0,11895.0,654.0,978.0,1251.0,703.0,226.0,58.0,47.0,142.0,235.0,451.0,1013.0,1384.0,1355.0,1136.0,748.0,205.0,279.0,137.0,182.0,263.0,185.0,131.0,132.0,23445.0,23295.0,22187.0,442.0,37.0,585.0,0.0,44.0,150.0,21976.0,259.0,3.02,7889.0,7889.0,7693.0,196.0,7693.0,7338.0,355.0,7693.0,766.0,290.0,476.0,6927.0,6812.0,6326.0,3410.0,2916.0,486.0,107.0,64.0,43.0,379.0,233.0,146.0,115.0,64.0,51.0,47.0,8280.0
"Burns town, Tennessee",1600000US4709880,1366.0,1366.0,677.0,43.0,51.0,45.0,27.0,15.0,11.0,9.0,27.0,62.0,46.0,63.0,59.0,34.0,48.0,36.0,17.0,20.0,11.0,16.0,15.0,9.0,7.0,6.0,689.0,37.0,52.0,35.0,26.0,15.0,5.0,15.0,20.0,53.0,59.0,56.0,55.0,40.0,53.0,37.0,10.0,21.0,5.0,25.0,16.0,24.0,18.0,12.0,1366.0,1356.0,1314.0,24.0,13.0,0.0,0.0,5.0,10.0,1313.0,7.0,2.48,582.0,582.0,549.0,33.0,549.0,400.0,149.0,549.0,119.0,50.0,69.0,430.0,397.0,299.0,118.0,181.0,98.0,28.0,17.0,11.0,70.0,42.0,28.0,33.0,23.0,10.0,47.0,9880.0
"Cedar Hill city, Tennessee",1600000US4711980,298.0,298.0,145.0,11.0,9.0,14.0,12.0,3.0,2.0,3.0,5.0,8.0,8.0,10.0,14.0,9.0,10.0,11.0,2.0,3.0,0.0,6.0,1.0,1.0,1.0,2.0,153.0,12.0,13.0,13.0,5.0,2.0,0.0,3.0,6.0,12.0,15.0,7.0,12.0,12.0,9.0,8.0,1.0,5.0,2.0,3.0,5.0,4.0,3.0,1.0,298.0,297.0,230.0,64.0,1.0,0.0,0.0,2.0,1.0,230.0,3.0,3.04,111.0,111.0,98.0,13.0,98.0,77.0,21.0,98.0,16.0,9.0,7.0,82.0,80.0,57.0,27.0,30.0,23.0,4.0,0.0,4.0,19.0,10.0,9.0,2.0,2.0,0.0,47.0,11980.0
"Charlotte town, Tennessee",1600000US4713080,1153.0,1153.0,609.0,32.0,35.0,44.0,7.0,14.0,19.0,4.0,31.0,60.0,73.0,56.0,53.0,44.0,34.0,33.0,4.0,16.0,5.0,11.0,14.0,12.0,5.0,3.0,544.0,32.0,36.0,40.0,27.0,14.0,9.0,11.0,13.0,44.0,40.0,39.0,44.0,33.0,26.0,21.0,9.0,14.0,10.0,20.0,10.0,24.0,14.0,14.0,1153.0,1134.0,1001.0,123.0,4.0,2.0,1.0,3.0,19.0,994.0,14.0,2.5,413.0,413.0,395.0,18.0,395.0,287.0,108.0,395.0,106.0,42.0,64.0,289.0,272.0,206.0,87.0,119.0,66.0,19.0,8.0,11.0,47.0,24.0,23.0,17.0,12.0,5.0,47.0,13080.0
"Clarksville city, Tennessee",1600000US4715160,103455.0,103455.0,51950.0,4749.0,4477.0,4028.0,2142.0,1709.0,1134.0,1199.0,3514.0,5530.0,4756.0,4368.0,3684.0,2755.0,2201.0,1509.0,517.0,704.0,446.0,690.0,841.0,501.0,287.0,209.0,51505.0,4546.0,4112.0,3679.0,2072.0,1630.0,1004.0,1001.0,2883.0,5008.0,4373.0,4374.0,3802.0,2898.0,2294.0,1747.0,655.0,888.0,557.0,754.0,1061.0,934.0,627.0,606.0,103455.0,100044.0,70254.0,24030.0,560.0,2233.0,262.0,2705.0,3411.0,67562.0,6241.0,2.69,40041.0,40041.0,36969.0,3072.0,36969.0,21275.0,15694.0,36969.0,7792.0,3786.0,4006.0,29177.0,26965.0,20834.0,11139.0,9695.0,6131.0,1299.0,784.0,515.0,4832.0,3340.0,1492.0,2212.0,1453.0,759.0,47.0,15160.0
"Columbia city, Tennessee",1600000US4716540,33055.0,33055.0,15653.0,1269.0,1164.0,1216.0,801.0,450.0,239.0,223.0,632.0,1127.0,1052.0,1168.0,1221.0,1116.0,943.0,680.0,227.0,323.0,206.0,314.0,486.0,362.0,250.0,184.0,17402.0,1205.0,1086.0,1148.0,637.0,483.0,250.0,244.0,702.0,1105.0,1118.0,1305.0,1357.0,1154.0,1012.0,775.0,285.0,420.0,281.0,423.0,748.0,662.0,516.0,486.0,33055.0,32571.0,24669.0,6984.0,92.0,137.0,9.0,680.0,484.0,24049.0,1554.0,2.46,14322.0,14322.0,13059.0,1263.0,13059.0,8298.0,4761.0,13059.0,3634.0,1415.0,2219.0,9425.0,8807.0,6106.0,2665.0,3441.0,2701.0,568.0,271.0,297.0,2133.0,1293.0,840.0,618.0,363.0,255.0,47.0,16540.0
"Coopertown town, Tennessee",1600000US4716980,3027.0,3027.0,1548.0,104.0,124.0,133.0,56.0,37.0,14.0,13.0,41.0,84.0,117.0,162.0,139.0,130.0,131.0,69.0,32.0,36.0,23.0,25.0,34.0,21.0,14.0,9.0,1479.0,97.0,125.0,112.0,61.0,27.0,11.0,9.0,32.0,90.0,137.0,141.0,152.0,119.0,111.0,76.0,13.0,31.0,22.0,30.0,31.0,21.0,20.0,11.0,3027.0,2998.0,2905.0,49.0,12.0,14.0,0.0,18.0,29.0,2880.0,38.0,2.81,1128.0,1128.0,1078.0,50.0,1078.0,975.0,103.0,1078.0,128.0,73.0,55.0,950.0,914.0,791.0,372.0,419.0,123.0,46.0,22.0,24.0,77.0,38.0,39.0,36.0,22.0,14.0,47.0,16980.0
"Cross Plains city, Tennessee",1600000US4718420,1381.0,1381.0,713.0,46.0,55.0,71.0,36.0,18.0,6.0,5.0,26.0,35.0,38.0,54.0,71.0,60.0,50.0,45.0,16.0,15.0,12.0,12.0,19.0,12.0,4.0,7.0,668.0,34.0,56.0,50.0,30.0,17.0,8.0,5.0,11.0,37.0,55.0,57.0,69.0,52.0,57.0,39.0,13.0,15.0,12.0,6.0,22.0,10.0,8.0,5.0,1381.0,1353.0,1299.0,44.0,3.0,2.0,2.0,3.0,28.0,1291.0,17.0,2.74,536.0,536.0,504.0,32.0,504.0,404.0,100.0,504.0,83.0,43.0,40.0,421.0,400.0,318.0,138.0,180.0,82.0,26.0,13.0,13.0,56.0,34.0,22.0,21.0,13.0,8.0,47.0,18420.0
"Cumberland City town, Tennessee",1600000US4718820,316.0,316.0,151.0,9.0,13.0,11.0,3.0,8.0,4.0,2.0,2.0,6.0,9.0,13.0,10.0,9.0,17.0,4.0,4.0,1.0,3.0,2.0,7.0,5.0,5.0,4.0,165.0,12.0,17.0,4.0,2.0,5.0,3.0,3.0,5.0,9.0,11.0,8.0,8.0,15.0,9.0,8.0,1.0,3.0,3.0,6.0,13.0,9.0,6.0,5.0,316.0,310.0,276.0,25.0,0.0,2.0,0.0,7.0,6.0,274.0,7.0,2.27,178.0,178.0,139.0,39.0,139.0,91.0,48.0,139.0,41.0,14.0,27.0,98.0,90.0,60.0,15.0,45.0,30.0,10.0,6.0,4.0,20.0,13.0,7.0,8.0,1.0,7.0,47.0,18820.0
"Dickson city, Tennessee",1600000US4720620,12244.0,12244.0,5685.0,489.0,492.0,479.0,268.0,153.0,61.0,59.0,203.0,430.0,426.0,414.0,419.0,370.0,333.0,240.0,82.0,131.0,83.0,110.0,155.0,130.0,102.0,56.0,6559.0,475.0,436.0,419.0,268.0,178.0,101.0,68.0,282.0,416.0,463.0,491.0,474.0,415.0,387.0,311.0,90.0,159.0,98.0,161.0,244.0,216.0,190.0,217.0,12244.0,12056.0,10757.0,1081.0,56.0,68.0,0.0,94.0,188.0,10644.0,238.0,2.42,5280.0,5280.0,4934.0,346.0,4934.0,2969.0,1965.0,4934.0,1435.0,536.0,899.0,3499.0,3301.0,2292.0,1013.0,1279.0,1009.0,182.0,117.0,65.0,827.0,557.0,270.0,198.0,117.0,81.0,47.0,20620.0
"Dover city, Tennessee",1600000US4721400,1442.0,1442.0,657.0,29.0,40.0,46.0,25.0,17.0,5.0,7.0,12.0,34.0,47.0,53.0,43.0,50.0,44.0,33.0,14.0,20.0,11.0,22.0,34.0,39.0,15.0,17.0,785.0,35.0,39.0,36.0,30.0,10.0,4.0,7.0,11.0,49.0,33.0,43.0,47.0,43.0,38.0,51.0,18.0,36.0,14.0,21.0,66.0,44.0,43.0,67.0,1442.0,1429.0,1366.0,44.0,10.0,1.0,0.0,8.0,13.0,1362.0,12.0,2.21,656.0,656.0,608.0,48.0,608.0,413.0,195.0,608.0,221.0,62.0,159.0,387.0,374.0,300.0,104.0,196.0,74.0,30.0,15.0,15.0,44.0,21.0,23.0,13.0,6.0,7.0,47.0,21400.0
"Eagleville city, Tennessee",1600000US4722360,464.0,464.0,223.0,12.0,18.0,14.0,9.0,7.0,3.0,2.0,9.0,17.0,9.0,13.0,21.0,12.0,9.0,21.0,4.0,7.0,6.0,5.0,10.0,10.0,4.0,1.0,241.0,13.0,15.0,14.0,17.0,8.0,3.0,4.0,9.0,17.0,14.0,13.0,26.0,16.0,18.0,10.0,4.0,11.0,3.0,9.0,5.0,7.0,2.0,3.0,464.0,462.0,454.0,6.0,2.0,0.0,0.0,0.0,2.0,451.0,4.0,2.48,198.0,198.0,187.0,11.0,187.0,146.0,41.0,187.0,46.0,20.0,26.0,141.0,134.0,107.0,41.0,66.0,27.0,11.0,5.0,6.0,16.0,9.0,7.0,7.0,4.0,3.0,47.0,22360.0
"Erin city, Tennessee",1600000US4724320,1490.0,1490.0,670.0,50.0,50.0,49.0,27.0,14.0,7.0,5.0,28.0,49.0,41.0,36.0,38.0,40.0,46.0,28.0,16.0,20.0,8.0,22.0,21.0,23.0,23.0,29.0,820.0,46.0,35.0,57.0,19.0,16.0,10.0,7.0,26.0,32.0,42.0,46.0,50.0,52.0,52.0,40.0,11.0,27.0,16.0,19.0,39.0,55.0,46.0,77.0,1490.0,1456.0,1287.0,155.0,4.0,0.0,0.0,10.0,34.0,1284.0,14.0,2.23,653.0,653.0,588.0,65.0,588.0,343.0,245.0,588.0,219.0,69.0,150.0,369.0,356.0,236.0,93.0,143.0,120.0,24.0,9.0,15.0,96.0,65.0,31.0,13.0,10.0,3.0,47.0,24320.0
"Fairview city, Tennessee",1600000US4725440,5800.0,5800.0,2800.0,239.0,259.0,269.0,123.0,84.0,32.0,32.0,105.0,194.0,247.0,232.0,245.0,215.0,165.0,107.0,36.0,47.0,26.0,33.0,42.0,39.0,14.0,15.0,3000.0,245.0,261.0,218.0,141.0,68.0,34.0,40.0,102.0,274.0,227.0,274.0,284.0,215.0,162.0,116.0,47.0,35.0,31.0,50.0,67.0,58.0,24.0,27.0,5800.0,5723.0,5630.0,38.0,22.0,14.0,0.0,19.0,77.0,5581.0,86.0,2.76,2245.0,2245.0,2105.0,140.0,2105.0,1613.0,492.0,2105.0,396.0,159.0,237.0,1709.0,1606.0,1285.0,694.0,591.0,321.0,70.0,48.0,22.0,251.0,177.0,74.0,103.0,52.0,51.0,47.0,25440.0
"Forest Hills city, Tennessee",1600000US4727020,4710.0,4710.0,2325.0,124.0,189.0,198.0,105.0,40.0,6.0,6.0,29.0,52.0,55.0,129.0,201.0,241.0,264.0,174.0,58.0,84.0,51.0,69.0,98.0,85.0,41.0,26.0,2385.0,113.0,174.0,203.0,111.0,43.0,6.0,12.0,25.0,41.0,63.0,167.0,255.0,249.0,243.0,169.0,61.0,73.0,54.0,70.0,97.0,81.0,40.0,35.0,4710.0,4681.0,4528.0,66.0,3.0,65.0,0.0,19.0,29.0,4512.0,36.0,2.72,1791.0,1791.0,1729.0,62.0,1729.0,1682.0,47.0,1729.0,203.0,74.0,129.0,1526.0,1472.0,1372.0,584.0,788.0,100.0,32.0,7.0,25.0,68.0,36.0,32.0,54.0,33.0,21.0,47.0,27020.0
"Franklin city, Tennessee",1600000US4727740,41842.0,41842.0,20224.0,1850.0,1718.0,1499.0,845.0,459.0,198.0,207.0,705.0,1808.0,2020.0,2025.0,1892.0,1471.0,1178.0,726.0,213.0,283.0,152.0,202.0,274.0,244.0,147.0,108.0,21618.0,1708.0,1626.0,1607.0,810.0,372.0,193.0,187.0,797.0,1865.0,2120.0,2239.0,1963.0,1626.0,1207.0,726.0,256.0,350.0,197.0,283.0,433.0,397.0,303.0,353.0,41842.0,41398.0,35368.0,4330.0,99.0,674.0,19.0,908.0,444.0,34377.0,2025.0,2.55,17296.0,17296.0,16128.0,1168.0,16128.0,10249.0,5879.0,16128.0,4039.0,1621.0,2418.0,12089.0,11232.0,9069.0,4941.0,4128.0,2163.0,415.0,198.0,217.0,1748.0,1080.0,668.0,857.0,463.0,394.0,47.0,27740.0
"Gallatin city, Tennessee",1600000US4728540,23230.0,23230.0,11051.0,844.0,818.0,818.0,517.0,336.0,166.0,148.0,450.0,834.0,840.0,875.0,812.0,795.0,666.0,556.0,174.0,238.0,167.0,195.0,305.0,239.0,126.0,132.0,12179.0,856.0,748.0,797.0,497.0,335.0,161.0,152.0,438.0,845.0,851.0,913.0,910.0,800.0,717.0,653.0,206.0,286.0,192.0,266.0,430.0,418.0,345.0,363.0,23230.0,22923.0,18189.0,4081.0,70.0,98.0,16.0,469.0,307.0,17877.0,801.0,2.5,9600.0,9600.0,8963.0,637.0,8963.0,5625.0,3338.0,8963.0,2372.0,906.0,1466.0,6591.0,6197.0,4300.0,1836.0,2464.0,1897.0,452.0,233.0,219.0,1445.0,847.0,598.0,394.0,242.0,152.0,47.0,28540.0
"Goodlettsville city, Tennessee",1600000US4729920,13780.0,13780.0,6552.0,466.0,454.0,491.0,273.0,150.0,88.0,81.0,239.0,532.0,478.0,519.0,527.0,477.0,447.0,375.0,118.0,190.0,94.0,127.0,174.0,128.0,81.0,43.0,7228.0,452.0,470.0,410.0,245.0,162.0,75.0,67.0,276.0,521.0,502.0,639.0,600.0,573.0,465.0,441.0,157.0,177.0,100.0,166.0,220.0,213.0,145.0,152.0,13780.0,13611.0,11909.0,1354.0,30.0,226.0,2.0,90.0,169.0,11802.0,204.0,2.44,5853.0,5853.0,5601.0,252.0,5601.0,3469.0,2132.0,5601.0,1427.0,563.0,864.0,4174.0,3824.0,2952.0,1216.0,1736.0,872.0,175.0,76.0,99.0,697.0,399.0,298.0,350.0,207.0,143.0,47.0,29920.0
"Greenbrier town, Tennessee",1600000US4730960,4940.0,4940.0,2403.0,206.0,218.0,200.0,119.0,67.0,30.0,37.0,88.0,230.0,209.0,181.0,196.0,140.0,120.0,88.0,43.0,45.0,28.0,41.0,56.0,37.0,16.0,8.0,2537.0,195.0,194.0,184.0,99.0,61.0,35.0,29.0,127.0,203.0,237.0,228.0,184.0,149.0,129.0,109.0,36.0,65.0,45.0,52.0,66.0,52.0,38.0,20.0,4940.0,4900.0,4813.0,33.0,11.0,19.0,0.0,24.0,40.0,4783.0,63.0,2.69,1920.0,1920.0,1837.0,83.0,1837.0,1364.0,473.0,1837.0,347.0,131.0,216.0,1490.0,1419.0,1115.0,565.0,550.0,304.0,65.0,37.0,28.0,239.0,160.0,79.0,71.0,48.0,23.0,47.0,30960.0
"Hendersonville city, Tennessee",1600000US4733280,40620.0,40620.0,19781.0,1401.0,1501.0,1576.0,1005.0,572.0,219.0,202.0,646.0,1319.0,1547.0,1716.0,1629.0,1524.0,1360.0,1115.0,359.0,451.0,234.0,340.0,455.0,327.0,180.0,103.0,20839.0,1266.0,1378.0,1453.0,900.0,470.0,212.0,201.0,653.0,1347.0,1568.0,1886.0,1764.0,1636.0,1481.0,1234.0,386.0,518.0,303.0,395.0,596.0,486.0,359.0,347.0,40620.0,40255.0,37749.0,1673.0,108.0,447.0,12.0,266.0,365.0,37364.0,696.0,2.55,16507.0,16507.0,15823.0,684.0,15823.0,11291.0,4532.0,15823.0,3536.0,1438.0,2098.0,12287.0,11572.0,9377.0,4335.0,5042.0,2195.0,498.0,277.0,221.0,1697.0,1036.0,661.0,715.0,416.0,299.0,47.0,33280.0
"Kingston Springs town, Tennessee",1600000US4739660,2773.0,2773.0,1378.0,104.0,113.0,133.0,65.0,39.0,11.0,15.0,44.0,58.0,75.0,117.0,167.0,146.0,102.0,62.0,25.0,25.0,11.0,11.0,28.0,20.0,4.0,3.0,1395.0,82.0,101.0,118.0,75.0,30.0,15.0,7.0,31.0,73.0,100.0,167.0,162.0,138.0,103.0,71.0,12.0,22.0,11.0,18.0,25.0,21.0,7.0,6.0,2773.0,2762.0,2702.0,24.0,10.0,15.0,0.0,11.0,11.0,2698.0,15.0,2.82,1015.0,1015.0,983.0,32.0,983.0,851.0,132.0,983.0,128.0,58.0,70.0,855.0,809.0,679.0,338.0,341.0,130.0,43.0,26.0,17.0,87.0,59.0,28.0,46.0,27.0,19.0,47.0,39660.0
"Lafayette city, Tennessee",1600000US4740160,3885.0,3885.0,1780.0,103.0,117.0,104.0,74.0,46.0,25.0,29.0,63.0,127.0,98.0,138.0,120.0,117.0,124.0,109.0,37.0,61.0,45.0,49.0,83.0,48.0,39.0,24.0,2105.0,104.0,104.0,117.0,78.0,36.0,26.0,27.0,74.0,92.0,117.0,118.0,123.0,130.0,135.0,140.0,44.0,75.0,48.0,83.0,121.0,116.0,105.0,92.0,3885.0,3867.0,3803.0,6.0,13.0,15.0,10.0,20.0,18.0,3746.0,82.0,2.21,1845.0,1845.0,1718.0,127.0,1718.0,1133.0,585.0,1718.0,588.0,173.0,415.0,1130.0,1089.0,845.0,311.0,534.0,244.0,62.0,30.0,32.0,182.0,108.0,74.0,41.0,18.0,23.0,47.0,40160.0
"La Vergne city, Tennessee",1600000US4741200,18687.0,18687.0,9215.0,944.0,872.0,777.0,382.0,195.0,103.0,86.0,294.0,797.0,980.0,1010.0,758.0,599.0,482.0,312.0,114.0,130.0,75.0,88.0,124.0,61.0,14.0,18.0,9472.0,913.0,815.0,769.0,387.0,195.0,112.0,102.0,342.0,929.0,1029.0,987.0,772.0,541.0,509.0,370.0,107.0,138.0,67.0,92.0,117.0,93.0,43.0,43.0,18687.0,18428.0,15790.0,2059.0,81.0,246.0,13.0,239.0,259.0,15450.0,661.0,2.86,6994.0,6994.0,6536.0,458.0,6536.0,5502.0,1034.0,6536.0,998.0,506.0,492.0,5538.0,5191.0,4044.0,2254.0,1790.0,1147.0,338.0,213.0,125.0,809.0,566.0,243.0,347.0,209.0,138.0,47.0,41200.0
"Lebanon city, Tennessee",1600000US4741520,20235.0,20235.0,9621.0,717.0,698.0,639.0,399.0,334.0,144.0,173.0,518.0,751.0,710.0,755.0,682.0,631.0,592.0,481.0,183.0,225.0,125.0,187.0,255.0,202.0,111.0,109.0,10614.0,697.0,666.0,676.0,349.0,297.0,175.0,183.0,440.0,727.0,711.0,789.0,740.0,631.0,649.0,521.0,216.0,255.0,189.0,238.0,392.0,411.0,290.0,372.0,20235.0,20003.0,16773.0,2789.0,66.0,165.0,7.0,203.0,232.0,16553.0,457.0,2.41,8693.0,8693.0,7987.0,706.0,7987.0,4760.0,3227.0,7987.0,2279.0,902.0,1377.0,5708.0,5321.0,3806.0,1582.0,2224.0,1515.0,320.0,177.0,143.0,1195.0,710.0,485.0,387.0,240.0,147.0,47.0,41520.0
"McEwen city, Tennessee",1600000US4744840,1702.0,1702.0,796.0,63.0,70.0,58.0,35.0,15.0,10.0,7.0,28.0,55.0,54.0,68.0,50.0,50.0,42.0,45.0,16.0,20.0,11.0,22.0,33.0,22.0,12.0,10.0,906.0,56.0,69.0,54.0,31.0,22.0,9.0,6.0,37.0,65.0,58.0,61.0,61.0,62.0,58.0,52.0,15.0,33.0,18.0,21.0,34.0,31.0,33.0,20.0,1702.0,1692.0,1679.0,6.0,3.0,1.0,1.0,2.0,10.0,1672.0,9.0,2.34,775.0,775.0,725.0,50.0,725.0,505.0,220.0,725.0,221.0,74.0,147.0,504.0,476.0,370.0,145.0,225.0,106.0,29.0,21.0,8.0,77.0,57.0,20.0,28.0,16.0,12.0,47.0,44840.0
"Millersville city, Tennessee",1600000US4748980,5308.0,5308.0,2697.0,254.0,237.0,207.0,96.0,63.0,28.0,24.0,121.0,236.0,253.0,248.0,245.0,193.0,139.0,102.0,36.0,56.0,19.0,34.0,55.0,30.0,18.0,3.0,2611.0,228.0,203.0,160.0,95.0,57.0,36.0,35.0,118.0,269.0,237.0,250.0,196.0,188.0,162.0,106.0,42.0,46.0,30.0,35.0,32.0,41.0,24.0,21.0,5308.0,5265.0,4989.0,187.0,25.0,34.0,1.0,29.0,43.0,4946.0,80.0,2.66,2098.0,2098.0,1990.0,108.0,1990.0,1473.0,517.0,1990.0,381.0,205.0,176.0,1609.0,1484.0,1155.0,563.0,592.0,329.0,108.0,67.0,41.0,221.0,136.0,85.0,125.0,82.0,43.0,47.0,48980.0
"Mitchellville city, Tennessee",1600000US4749460,207.0,207.0,111.0,9.0,11.0,9.0,3.0,3.0,0.0,1.0,3.0,12.0,8.0,7.0,8.0,9.0,9.0,5.0,3.0,1.0,0.0,3.0,4.0,3.0,0.0,0.0,96.0,5.0,12.0,3.0,4.0,0.0,1.0,1.0,8.0,7.0,5.0,2.0,8.0,10.0,2.0,4.0,4.0,4.0,3.0,3.0,3.0,5.0,1.0,1.0,207.0,204.0,194.0,8.0,2.0,0.0,0.0,0.0,3.0,191.0,4.0,2.76,83.0,83.0,75.0,8.0,75.0,67.0,8.0,75.0,16.0,7.0,9.0,59.0,55.0,42.0,18.0,24.0,13.0,8.0,3.0,5.0,5.0,1.0,4.0,4.0,4.0,0.0,47.0,49460.0
"Mount Juliet city, Tennessee",1600000US4750780,12366.0,12366.0,6037.0,493.0,505.0,592.0,298.0,151.0,63.0,46.0,167.0,378.0,488.0,597.0,596.0,500.0,390.0,266.0,78.0,105.0,49.0,76.0,82.0,56.0,34.0,27.0,6329.0,473.0,553.0,541.0,319.0,124.0,53.0,47.0,157.0,437.0,540.0,696.0,634.0,507.0,372.0,253.0,85.0,85.0,58.0,71.0,110.0,77.0,70.0,67.0,12366.0,12242.0,11607.0,486.0,48.0,64.0,1.0,36.0,124.0,11505.0,145.0,2.82,4673.0,4673.0,4341.0,332.0,4341.0,3748.0,593.0,4341.0,598.0,266.0,332.0,3743.0,3577.0,2923.0,1559.0,1364.0,654.0,168.0,104.0,64.0,486.0,335.0,151.0,166.0,99.0,67.0,47.0,50780.0
"Mount Pleasant city, Tennessee",1600000US4751080,4491.0,4491.0,2034.0,153.0,182.0,165.0,116.0,69.0,28.0,16.0,56.0,116.0,111.0,173.0,163.0,134.0,128.0,103.0,44.0,39.0,32.0,43.0,62.0,48.0,28.0,25.0,2457.0,138.0,152.0,185.0,96.0,70.0,27.0,25.0,69.0,139.0,180.0,203.0,181.0,156.0,138.0,121.0,45.0,78.0,44.0,71.0,96.0,91.0,73.0,79.0,4491.0,4454.0,3369.0,1053.0,15.0,5.0,1.0,11.0,37.0,3342.0,39.0,2.43,2008.0,2008.0,1815.0,193.0,1815.0,1140.0,675.0,1815.0,520.0,164.0,356.0,1295.0,1233.0,810.0,358.0,452.0,423.0,74.0,41.0,33.0,349.0,206.0,143.0,62.0,33.0,29.0,47.0,51080.0
"Murfreesboro city, Tennessee",1600000US4751560,68816.0,68816.0,34184.0,2313.0,2255.0,2141.0,1254.0,1808.0,1151.0,1261.0,3015.0,3411.0,2633.0,2604.0,2314.0,2026.0,1672.0,1181.0,362.0,517.0,290.0,410.0,620.0,444.0,292.0,210.0,34632.0,2163.0,2194.0,2080.0,1217.0,1989.0,1241.0,1171.0,2445.0,2848.0,2368.0,2545.0,2444.0,2118.0,1747.0,1243.0,430.0,597.0,381.0,531.0,925.0,742.0,574.0,639.0,68816.0,67865.0,54947.0,9560.0,192.0,1853.0,18.0,1295.0,951.0,53963.0,2430.0,2.42,28815.0,28815.0,26511.0,2304.0,26511.0,13815.0,12696.0,26511.0,7503.0,3331.0,4172.0,19008.0,15748.0,11609.0,5606.0,6003.0,4139.0,992.0,443.0,549.0,3147.0,2079.0,1068.0,3260.0,1877.0,1383.0,47.0,51560.0
"Nashville-Davidson (balance), Tennessee",1600000US4752006,545524.0,545524.0,264095.0,18705.0,17313.0,16207.0,9683.0,9019.0,4638.0,4458.0,13731.0,25812.0,23831.0,23179.0,21254.0,18890.0,15494.0,10900.0,3653.0,4966.0,2825.0,4098.0,6194.0,4603.0,2759.0,1883.0,281429.0,17630.0,16709.0,15329.0,9093.0,9177.0,4841.0,4749.0,14065.0,25261.0,22466.0,23039.0,22117.0,19888.0,16691.0,12545.0,4240.0,6072.0,3790.0,5541.0,9020.0,7834.0,5566.0,5766.0,545524.0,534524.0,359581.0,146235.0,1639.0,12992.0,400.0,13677.0,11000.0,349104.0,25774.0,2.29,242451.0,242451.0,227403.0,15048.0,227403.0,124036.0,103367.0,227403.0,76799.0,33157.0,43642.0,150604.0,131100.0,88978.0,36743.0,52235.0,42122.0,9010.0,4003.0,5007.0,33112.0,19499.0,13613.0,19504.0,11202.0,8302.0,47.0,52006.0
"New Johnsonville city, Tennessee",1600000US4752820,1905.0,1905.0,924.0,68.0,58.0,65.0,32.0,23.0,10.0,12.0,28.0,52.0,58.0,58.0,95.0,69.0,74.0,73.0,18.0,27.0,17.0,30.0,31.0,19.0,5.0,2.0,981.0,66.0,72.0,66.0,46.0,14.0,13.0,6.0,25.0,73.0,55.0,65.0,84.0,83.0,74.0,59.0,24.0,27.0,17.0,23.0,40.0,25.0,12.0,12.0,1905.0,1890.0,1856.0,24.0,2.0,6.0,0.0,2.0,15.0,1851.0,10.0,2.55,861.0,861.0,747.0,114.0,747.0,629.0,118.0,747.0,145.0,64.0,81.0,602.0,578.0,490.0,184.0,306.0,88.0,22.0,12.0,10.0,66.0,47.0,19.0,24.0,16.0,8.0,47.0,52820.0
"Nolensville town, Tennessee",1600000US4753460,3099.0,3099.0,1533.0,117.0,142.0,170.0,86.0,37.0,12.0,14.0,39.0,50.0,89.0,151.0,167.0,138.0,128.0,69.0,18.0,20.0,11.0,20.0,32.0,10.0,6.0,7.0,1566.0,117.0,159.0,160.0,70.0,29.0,12.0,7.0,21.0,70.0,110.0,185.0,172.0,121.0,114.0,61.0,13.0,32.0,17.0,28.0,37.0,16.0,7.0,8.0,3099.0,3082.0,2862.0,198.0,5.0,3.0,0.0,14.0,17.0,2836.0,41.0,3.11,1024.0,1024.0,995.0,29.0,995.0,941.0,54.0,995.0,109.0,50.0,59.0,886.0,867.0,761.0,454.0,307.0,106.0,22.0,7.0,15.0,84.0,46.0,38.0,19.0,13.0,6.0,47.0,53460.0
"Oak Hill city, Tennessee",1600000US4754780,4493.0,4493.0,2193.0,113.0,148.0,172.0,95.0,42.0,18.0,12.0,34.0,67.0,100.0,123.0,193.0,229.0,224.0,158.0,36.0,66.0,35.0,56.0,86.0,96.0,54.0,36.0,2300.0,100.0,129.0,161.0,101.0,34.0,10.0,5.0,23.0,66.0,118.0,160.0,216.0,238.0,241.0,132.0,50.0,62.0,46.0,53.0,104.0,123.0,72.0,56.0,4493.0,4461.0,4325.0,44.0,5.0,74.0,1.0,12.0,32.0,4302.0,34.0,2.47,1894.0,1894.0,1816.0,78.0,1816.0,1675.0,141.0,1816.0,375.0,149.0,226.0,1441.0,1367.0,1240.0,514.0,726.0,127.0,25.0,10.0,15.0,102.0,35.0,67.0,74.0,45.0,29.0,47.0,54780.0
"Pegram town, Tennessee",1600000US4757480,2146.0,2146.0,1089.0,107.0,95.0,78.0,50.0,23.0,8.0,10.0,25.0,64.0,88.0,117.0,103.0,77.0,84.0,48.0,11.0,30.0,9.0,16.0,24.0,13.0,5.0,4.0,1057.0,86.0,68.0,79.0,53.0,17.0,7.0,5.0,22.0,60.0,106.0,120.0,111.0,76.0,68.0,42.0,16.0,29.0,10.0,21.0,24.0,17.0,14.0,6.0,2146.0,2135.0,2040.0,80.0,8.0,3.0,0.0,4.0,11.0,2023.0,30.0,2.74,801.0,801.0,773.0,28.0,773.0,679.0,94.0,773.0,116.0,57.0,59.0,657.0,636.0,544.0,289.0,255.0,92.0,25.0,12.0,13.0,67.0,33.0,34.0,21.0,11.0,10.0,47.0,57480.0
"Pleasant View city, Tennessee",1600000US4759560,2934.0,2934.0,1476.0,140.0,146.0,145.0,55.0,29.0,21.0,12.0,39.0,101.0,138.0,162.0,121.0,97.0,70.0,60.0,23.0,21.0,16.0,20.0,30.0,16.0,13.0,1.0,1458.0,124.0,133.0,113.0,71.0,18.0,7.0,11.0,44.0,108.0,157.0,154.0,126.0,103.0,76.0,63.0,23.0,24.0,8.0,24.0,31.0,18.0,11.0,11.0,2934.0,2898.0,2871.0,12.0,6.0,3.0,0.0,6.0,36.0,2862.0,23.0,2.91,1044.0,1044.0,1005.0,39.0,1005.0,891.0,114.0,1005.0,138.0,61.0,77.0,867.0,843.0,717.0,409.0,308.0,126.0,31.0,21.0,10.0,95.0,61.0,34.0,24.0,15.0,9.0,47.0,59560.0
"Portland city, Tennessee",1600000US4760280,8458.0,8458.0,4084.0,373.0,345.0,302.0,181.0,118.0,83.0,57.0,188.0,377.0,319.0,328.0,286.0,210.0,210.0,173.0,71.0,87.0,48.0,72.0,110.0,72.0,42.0,32.0,4374.0,358.0,330.0,306.0,181.0,119.0,53.0,68.0,208.0,380.0,331.0,327.0,326.0,237.0,231.0,201.0,68.0,83.0,75.0,91.0,131.0,113.0,86.0,71.0,8458.0,8385.0,7995.0,228.0,28.0,16.0,0.0,118.0,73.0,7929.0,194.0,2.62,3502.0,3502.0,3226.0,276.0,3226.0,2214.0,1012.0,3226.0,704.0,283.0,421.0,2522.0,2377.0,1842.0,907.0,935.0,535.0,128.0,77.0,51.0,407.0,266.0,141.0,145.0,100.0,45.0,47.0,60280.0
"Ridgetop city, Tennessee",1600000US4763140,1083.0,1083.0,540.0,32.0,40.0,41.0,20.0,27.0,6.0,2.0,11.0,22.0,37.0,40.0,43.0,44.0,47.0,36.0,9.0,16.0,10.0,13.0,20.0,12.0,7.0,5.0,543.0,30.0,35.0,39.0,16.0,8.0,2.0,5.0,13.0,22.0,37.0,43.0,44.0,41.0,51.0,32.0,15.0,16.0,18.0,12.0,15.0,25.0,11.0,13.0,1083.0,1066.0,1041.0,16.0,1.0,6.0,0.0,2.0,17.0,1038.0,11.0,2.71,399.0,399.0,385.0,14.0,385.0,333.0,52.0,385.0,62.0,27.0,35.0,323.0,314.0,260.0,106.0,154.0,54.0,17.0,7.0,10.0,37.0,13.0,24.0,9.0,4.0,5.0,47.0,63140.0
"Slayden town, Tennessee",1600000US4769080,185.0,185.0,97.0,4.0,10.0,3.0,2.0,1.0,1.0,1.0,3.0,5.0,9.0,7.0,11.0,5.0,4.0,5.0,4.0,8.0,1.0,4.0,7.0,1.0,0.0,1.0,88.0,5.0,7.0,4.0,1.0,0.0,2.0,1.0,2.0,6.0,7.0,3.0,6.0,7.0,2.0,8.0,6.0,2.0,5.0,2.0,1.0,6.0,3.0,2.0,185.0,184.0,180.0,1.0,3.0,0.0,0.0,0.0,1.0,180.0,0.0,2.34,86.0,86.0,79.0,7.0,79.0,67.0,12.0,79.0,22.0,11.0,11.0,57.0,55.0,47.0,17.0,30.0,8.0,4.0,1.0,3.0,4.0,2.0,2.0,2.0,2.0,0.0,47.0,69080.0
"Smyrna town, Tennessee",1600000US4769420,25569.0,25569.0,12516.0,1147.0,985.0,907.0,562.0,384.0,209.0,188.0,570.0,1099.0,1105.0,1187.0,1037.0,857.0,685.0,548.0,150.0,207.0,117.0,164.0,167.0,131.0,73.0,37.0,13053.0,1055.0,1003.0,912.0,490.0,391.0,210.0,209.0,536.0,1126.0,1098.0,1233.0,1101.0,882.0,746.0,571.0,182.0,250.0,145.0,179.0,230.0,244.0,134.0,126.0,25569.0,25169.0,22303.0,1999.0,73.0,310.0,20.0,464.0,400.0,21756.0,1101.0,2.62,10016.0,10016.0,9608.0,408.0,9608.0,6194.0,3414.0,9608.0,2026.0,933.0,1093.0,7582.0,7062.0,5280.0,2645.0,2635.0,1782.0,421.0,243.0,178.0,1361.0,938.0,423.0,520.0,310.0,210.0,47.0,69420.0
"Springfield city, Tennessee",1600000US4770500,14329.0,14329.0,6901.0,523.0,481.0,523.0,297.0,239.0,137.0,118.0,380.0,531.0,499.0,556.0,476.0,480.0,409.0,275.0,79.0,162.0,99.0,129.0,199.0,153.0,87.0,69.0,7428.0,561.0,471.0,423.0,276.0,189.0,121.0,113.0,306.0,504.0,524.0,525.0,552.0,471.0,429.0,317.0,105.0,190.0,115.0,198.0,296.0,279.0,226.0,237.0,14329.0,14213.0,10111.0,3712.0,53.0,80.0,5.0,252.0,116.0,9459.0,995.0,2.55,5836.0,5836.0,5453.0,383.0,5453.0,3169.0,2284.0,5453.0,1407.0,509.0,898.0,4046.0,3777.0,2491.0,1001.0,1490.0,1286.0,284.0,127.0,157.0,1002.0,606.0,396.0,269.0,156.0,113.0,47.0,70500.0
"Spring Hill city, Tennessee",1600000US4770580,7715.0,7715.0,3862.0,434.0,391.0,293.0,172.0,79.0,36.0,33.0,101.0,374.0,441.0,382.0,393.0,280.0,175.0,110.0,26.0,31.0,23.0,24.0,28.0,17.0,9.0,10.0,3853.0,416.0,379.0,294.0,150.0,58.0,27.0,31.0,128.0,411.0,474.0,401.0,366.0,241.0,154.0,108.0,22.0,29.0,21.0,30.0,40.0,35.0,23.0,15.0,7715.0,7625.0,6815.0,602.0,25.0,38.0,5.0,140.0,90.0,6681.0,307.0,2.9,2819.0,2819.0,2634.0,185.0,2634.0,2267.0,367.0,2634.0,386.0,205.0,181.0,2248.0,2161.0,1904.0,1146.0,758.0,257.0,74.0,44.0,30.0,183.0,135.0,48.0,87.0,52.0,35.0,47.0,70580.0
"Tennessee Ridge town, Tennessee",1600000US4773460,1334.0,1334.0,651.0,43.0,52.0,42.0,22.0,14.0,6.0,2.0,20.0,40.0,51.0,35.0,45.0,40.0,43.0,35.0,16.0,27.0,16.0,31.0,31.0,17.0,19.0,4.0,683.0,45.0,38.0,44.0,22.0,10.0,4.0,5.0,23.0,46.0,46.0,38.0,45.0,36.0,53.0,49.0,21.0,27.0,19.0,23.0,35.0,26.0,18.0,10.0,1334.0,1332.0,1318.0,3.0,0.0,2.0,4.0,5.0,2.0,1308.0,14.0,2.48,573.0,573.0,533.0,40.0,533.0,431.0,102.0,533.0,107.0,41.0,66.0,426.0,412.0,333.0,119.0,214.0,79.0,24.0,9.0,15.0,55.0,27.0,28.0,14.0,10.0,4.0,47.0,73460.0
"Thompson's Station town, Tennessee",1600000US4773900,1283.0,1283.0,649.0,51.0,45.0,54.0,38.0,19.0,6.0,4.0,13.0,30.0,43.0,46.0,70.0,77.0,53.0,35.0,7.0,9.0,5.0,9.0,13.0,10.0,7.0,5.0,634.0,40.0,41.0,45.0,30.0,15.0,6.0,3.0,15.0,31.0,37.0,73.0,68.0,67.0,48.0,36.0,7.0,5.0,6.0,15.0,9.0,16.0,9.0,12.0,1283.0,1277.0,1170.0,90.0,2.0,7.0,0.0,8.0,6.0,1145.0,33.0,2.87,473.0,473.0,447.0,26.0,447.0,406.0,41.0,447.0,63.0,30.0,33.0,384.0,376.0,336.0,160.0,176.0,40.0,9.0,3.0,6.0,31.0,16.0,15.0,8.0,7.0,1.0,47.0,73900.0
"Vanleer town, Tennessee",1600000US4776860,310.0,310.0,151.0,8.0,8.0,8.0,5.0,1.0,1.0,2.0,5.0,13.0,14.0,13.0,11.0,5.0,12.0,11.0,3.0,5.0,4.0,6.0,6.0,4.0,1.0,5.0,159.0,10.0,9.0,13.0,4.0,1.0,1.0,1.0,12.0,9.0,4.0,12.0,8.0,14.0,13.0,9.0,0.0,5.0,3.0,1.0,8.0,6.0,10.0,6.0,310.0,295.0,293.0,2.0,0.0,0.0,0.0,0.0,15.0,293.0,0.0,2.5,141.0,141.0,124.0,17.0,124.0,96.0,28.0,124.0,32.0,17.0,15.0,92.0,90.0,70.0,25.0,45.0,20.0,5.0,2.0,3.0,15.0,8.0,7.0,2.0,1.0,1.0,47.0,76860.0
"Watertown city, Tennessee",1600000US4778320,1358.0,1358.0,642.0,61.0,47.0,54.0,29.0,17.0,9.0,7.0,18.0,43.0,33.0,58.0,48.0,36.0,43.0,33.0,16.0,11.0,9.0,13.0,18.0,15.0,16.0,8.0,716.0,40.0,50.0,38.0,43.0,19.0,9.0,8.0,28.0,45.0,45.0,64.0,48.0,42.0,43.0,35.0,9.0,20.0,12.0,18.0,30.0,20.0,23.0,27.0,1358.0,1337.0,1239.0,83.0,5.0,1.0,0.0,9.0,21.0,1232.0,17.0,2.51,605.0,605.0,542.0,63.0,542.0,393.0,149.0,542.0,154.0,54.0,100.0,388.0,378.0,279.0,122.0,157.0,99.0,27.0,12.0,15.0,72.0,47.0,25.0,10.0,6.0,4.0,47.0,78320.0
"Waverly city, Tennessee",1600000US4778560,4028.0,4028.0,1905.0,130.0,138.0,117.0,85.0,60.0,20.0,22.0,55.0,117.0,117.0,143.0,145.0,134.0,130.0,100.0,39.0,67.0,33.0,48.0,75.0,68.0,39.0,23.0,2123.0,110.0,119.0,124.0,71.0,44.0,20.0,20.0,62.0,145.0,123.0,155.0,130.0,149.0,138.0,110.0,53.0,61.0,41.0,80.0,125.0,106.0,74.0,63.0,4028.0,3988.0,3575.0,383.0,6.0,9.0,0.0,15.0,40.0,3558.0,47.0,2.27,1887.0,1887.0,1716.0,171.0,1716.0,1116.0,600.0,1716.0,538.0,200.0,338.0,1178.0,1119.0,819.0,293.0,526.0,300.0,50.0,25.0,25.0,250.0,155.0,95.0,59.0,32.0,27.0,47.0,78560.0
"Westmoreland town, Tennessee",1600000US4779420,2093.0,2093.0,934.0,83.0,69.0,61.0,39.0,25.0,13.0,13.0,34.0,73.0,71.0,67.0,60.0,55.0,70.0,51.0,21.0,21.0,14.0,24.0,21.0,28.0,9.0,12.0,1159.0,69.0,77.0,86.0,46.0,31.0,6.0,13.0,38.0,74.0,71.0,82.0,66.0,80.0,75.0,55.0,16.0,26.0,18.0,34.0,48.0,50.0,46.0,52.0,2093.0,2083.0,2069.0,1.0,5.0,1.0,1.0,6.0,10.0,2069.0,9.0,2.48,874.0,874.0,804.0,70.0,804.0,530.0,274.0,804.0,218.0,67.0,151.0,586.0,561.0,437.0,213.0,224.0,124.0,33.0,18.0,15.0,91.0,48.0,43.0,25.0,14.0,11.0,47.0,79420.0
"White Bluff town, Tennessee",1600000US4779980,2142.0,2142.0,1076.0,64.0,103.0,80.0,49.0,17.0,9.0,15.0,46.0,86.0,95.0,74.0,75.0,85.0,71.0,53.0,22.0,29.0,19.0,20.0,31.0,23.0,5.0,5.0,1066.0,64.0,69.0,61.0,33.0,29.0,6.0,10.0,44.0,98.0,68.0,66.0,95.0,68.0,81.0,65.0,18.0,29.0,18.0,29.0,37.0,31.0,33.0,14.0,2142.0,2130.0,2102.0,14.0,8.0,4.0,0.0,2.0,12.0,2090.0,14.0,2.43,947.0,947.0,881.0,66.0,881.0,619.0,262.0,881.0,244.0,111.0,133.0,637.0,604.0,468.0,199.0,269.0,136.0,36.0,25.0,11.0,100.0,48.0,52.0,33.0,17.0,16.0,47.0,79980.0
"White House city, Tennessee",1600000US4780200,7220.0,7220.0,3603.0,365.0,346.0,336.0,169.0,87.0,35.0,31.0,84.0,275.0,363.0,410.0,311.0,205.0,187.0,128.0,34.0,59.0,27.0,44.0,41.0,40.0,18.0,8.0,3617.0,271.0,362.0,299.0,140.0,67.0,40.0,34.0,102.0,271.0,372.0,432.0,292.0,221.0,192.0,128.0,55.0,64.0,32.0,51.0,73.0,53.0,41.0,25.0,7220.0,7190.0,7029.0,96.0,18.0,25.0,0.0,22.0,30.0,6979.0,74.0,2.89,2578.0,2578.0,2497.0,81.0,2497.0,2059.0,438.0,2497.0,384.0,145.0,239.0,2113.0,2059.0,1772.0,1016.0,756.0,287.0,78.0,53.0,25.0,209.0,149.0,60.0,54.0,37.0,17.0,47.0,80200.0
"Franklin city, Kentucky",1600000US2128918,7996.0,7996.0,3785.0,310.0,275.0,282.0,159.0,86.0,62.0,52.0,154.0,284.0,283.0,296.0,281.0,253.0,222.0,182.0,74.0,90.0,50.0,74.0,104.0,100.0,60.0,52.0,4211.0,308.0,287.0,233.0,163.0,99.0,51.0,58.0,165.0,273.0,290.0,288.0,281.0,278.0,270.0,205.0,73.0,94.0,55.0,113.0,165.0,177.0,149.0,136.0,7996.0,7923.0,6476.0,1340.0,17.0,61.0,8.0,21.0,73.0,6441.0,65.0,2.39,3609.0,3609.0,3251.0,358.0,3251.0,2132.0,1119.0,3251.0,958.0,333.0,625.0,2293.0,2176.0,1565.0,663.0,902.0,611.0,129.0,63.0,66.0,482.0,286.0,196.0,117.0,70.0,47.0,21.0,28918.0
"Scottsville city, Kentucky",1600000US2169114,4327.0,4327.0,2014.0,136.0,160.0,153.0,94.0,76.0,34.0,30.0,62.0,131.0,128.0,149.0,155.0,130.0,109.0,104.0,45.0,55.0,38.0,45.0,61.0,63.0,35.0,21.0,2313.0,117.0,155.0,123.0,104.0,65.0,24.0,28.0,80.0,134.0,151.0,158.0,146.0,141.0,152.0,128.0,45.0,65.0,51.0,68.0,125.0,98.0,88.0,67.0,4327.0,4296.0,4132.0,142.0,1.0,4.0,1.0,16.0,31.0,4112.0,35.0,2.3,2059.0,2059.0,1839.0,220.0,1839.0,1159.0,680.0,1839.0,604.0,193.0,411.0,1235.0,1191.0,860.0,350.0,510.0,331.0,54.0,29.0,25.0,277.0,156.0,121.0,44.0,26.0,18.0,21.0,69114.0
Tennessee,0400000US47,5689283.0,5689283.0,2770275.0,192283.0,203330.0,202772.0,120149.0,82409.0,41238.0,39546.0,113958.0,203113.0,205955.0,223109.0,219802.0,201425.0,183503.0,142367.0,47954.0,65480.0,39196.0,54065.0,77213.0,56970.0,32595.0,21843.0,2919008.0,182597.0,192483.0,192383.0,112524.0,80102.0,40563.0,39361.0,111679.0,200716.0,206117.0,230218.0,229398.0,211279.0,190709.0,151575.0,52525.0,73350.0,45977.0,65333.0,101068.0,87878.0,61551.0,59622.0,5689283.0,5626174.0,4563310.0,932809.0,15152.0,56662.0,2205.0,56036.0,63109.0,4505930.0,123838.0,2.48,2439443.0,2439443.0,2232905.0,206538.0,2232905.0,1561363.0,671542.0,2232905.0,576401.0,244937.0,331464.0,1656504.0,1547835.0,1173960.0,499298.0,674662.0,373875.0,85976.0,42165.0,43811.0,287899.0,165842.0,122057.0,108669.0,64664.0,44005.0,47.0,0.0
United States,0100000US,281421906.0,281421906.0,138053563.0,9810733.0,10523277.0,10520197.0,6204989.0,4186015.0,2071220.0,1965673.0,5650921.0,9798760.0,10321769.0,11318696.0,11129102.0,9889506.0,8607724.0,6508729.0,2173239.0,2963388.0,1814807.0,2585555.0,3902912.0,3044456.0,1834897.0,1226998.0,143368343.0,9365065.0,10026228.0,10007875.0,5835448.0,3993438.0,1978228.0,1875409.0,5422550.0,9582576.0,10188619.0,11387968.0,11312761.0,10202898.0,8977824.0,6960508.0,2367932.0,3300888.0,2075424.0,3057759.0,4954529.0,4371357.0,3110470.0,3012589.0,281421906.0,274595678.0,211460626.0,34658190.0,2475956.0,10242998.0,398835.0,15359073.0,6826228.0,194552774.0,35305818.0,2.59,115904641.0,115904641.0,105480101.0,10424540.0,105480101.0,69815753.0,35664348.0,105480101.0,27230075.0,11779106.0,15450969.0,78250026.0,71787347.0,54493232.0,24835505.0,29657727.0,17294115.0,4394012.0,2190989.0,2203023.0,12900103.0,7561874.0,5338229.0,6462679.0,3776997.0,2685682.0,1.0,0.0
GNRC,,1411725.0,1411725.0,693028.0,50990.0,51607.0,50540.0,29399.0,21543.0,10768.0,10506.0,31178.0,56705.0,56463.0,60345.0,57338.0,50520.0,43253.0,31490.0,10339.0,13843.0,7827.0,11185.0,15424.0,11079.0,6399.0,4287.0,718697.0,48005.0,48922.0,47677.0,27706.0,20878.0,10680.0,10465.0,30118.0,55696.0,55688.0,62018.0,59795.0,52260.0,44262.0,33404.0,11128.0,15397.0,9411.0,13352.0,20229.0,17257.0,12143.0,12206.0,1411725.0,1389718.0,1119378.0,219502.0,4435.0,22654.0,907.0,22842.0,22007.0,1098224.0,47582.0,33.769999999999996,582915.0,582915.0,546063.0,36852.0,546063.0,361244.0,184819.0,546063.0,140093.0,61570.0,78523.0,405970.0,370846.0,283682.0,130890.0,152792.0,87164.0,20576.0,10348.0,10228.0,66588.0,40040.0,26548.0,35124.0,20718.0,14406.0,611.0,1561.0
GNRC Region,,1481223.0,1481223.0,726810.0,53434.0,54119.0,53286.0,31147.0,22510.0,11228.0,10935.0,32346.0,58882.0,58712.0,62960.0,60406.0,53227.0,45549.0,33151.0,10866.0,14561.0,8243.0,11839.0,16332.0,11704.0,6795.0,4578.0,754413.0,50327.0,51246.0,50294.0,29227.0,21809.0,11107.0,10900.0,31380.0,57865.0,58085.0,64946.0,62918.0,54999.0,46578.0,35106.0,11734.0,16218.0,9918.0,14146.0,21494.0,18286.0,12922.0,12908.0,1481223.0,1458347.0,1176640.0,229406.0,4649.0,22886.0,921.0,23845.0,22876.0,1154551.0,49846.0,36.349999999999994,611589.0,611589.0,572507.0,39082.0,572507.0,380491.0,192016.0,572507.0,146219.0,64139.0,82080.0,426288.0,390120.0,298474.0,137550.0,160924.0,91646.0,21651.0,10904.0,10747.0,69995.0,42034.0,27961.0,36168.0,21343.0,14825.0,658.0,1680.0
MPO,,1221741.0,1221741.0,597347.0,43197.0,43572.0,43078.0,25492.0,18820.0,9216.0,8886.0,26309.0,48359.0,48261.0,51848.0,50212.0,44840.0,38149.0,27515.0,8943.0,11851.0,6646.0,9496.0,13396.0,9770.0,5665.0,3826.0,624394.0,40798.0,41501.0,40887.0,23841.0,18388.0,9328.0,9080.0,26037.0,47781.0,47868.0,53861.0,52520.0,46402.0,39138.0,29206.0,9671.0,13260.0,8155.0,11646.0,17960.0,15333.0,10829.0,10904.0,1221741.0,1203891.0,960159.0,199270.0,3478.0,20008.0,597.0,20379.0,17850.0,941919.0,41482.0,18.36,506845.0,506845.0,476662.0,30183.0,476662.0,312333.0,164329.0,476662.0,126221.0,54817.0,71404.0,350441.0,318686.0,241474.0,110259.0,131215.0,77212.0,18032.0,8788.0,9244.0,59180.0,35175.0,24005.0,31755.0,18493.0,13262.0,329.0,993.0
Rutherford Incorporated,None,113536.0,113536.0,56138.0,4416.0,4130.0,3839.0,2207.0,2394.0,1466.0,1537.0,3888.0,5324.0,4727.0,4814.0,4130.0,3494.0,2848.0,2062.0,630.0,861.0,488.0,667.0,921.0,646.0,383.0,266.0,57398.0,4144.0,4027.0,3775.0,2111.0,2583.0,1566.0,1486.0,3332.0,4920.0,4509.0,4778.0,4343.0,3557.0,3020.0,2194.0,723.0,996.0,596.0,811.0,1277.0,1086.0,753.0,811.0,113536.0,111924.0,93494.0,13624.0,348.0,2409.0,51.0,1998.0,1612.0,91620.0,4196.0,10.379999999999999,46023.0,46023.0,42842.0,3181.0,42842.0,25657.0,17185.0,42842.0,10573.0,4790.0,5783.0,32269.0,28135.0,21040.0,10546.0,10494.0,7095.0,1762.0,904.0,858.0,5333.0,3592.0,1741.0,4134.0,2400.0,1734.0,188.0,184540.0
Rutherford Unincorporated,None,68487.0,68487.0,34447.0,2611.0,2915.0,2853.0,1614.0,944.0,395.0,362.0,1135.0,2338.0,2785.0,3381.0,3101.0,2646.0,2231.0,1646.0,519.0,636.0,323.0,516.0,645.0,461.0,252.0,138.0,34040.0,2485.0,2661.0,2712.0,1611.0,937.0,428.0,408.0,1147.0,2420.0,2865.0,3375.0,3157.0,2605.0,2082.0,1525.0,472.0,568.0,347.0,497.0,664.0,514.0,301.0,259.0,68487.0,67909.0,62556.0,3688.0,174.0,1058.0,23.0,410.0,578.0,62142.0,869.0,-7.729999999999999,24593.0,24593.0,23601.0,992.0,23601.0,20742.0,2859.0,23601.0,3262.0,1733.0,1529.0,20339.0,19322.0,16354.0,8389.0,7965.0,2968.0,879.0,504.0,375.0,2089.0,1163.0,926.0,1017.0,608.0,409.0,-141.0,-184391.0
Wilson Incorporated,None,33959.0,33959.0,16300.0,1271.0,1250.0,1285.0,726.0,502.0,216.0,226.0,703.0,1172.0,1231.0,1410.0,1326.0,1167.0,1025.0,780.0,277.0,341.0,183.0,276.0,355.0,273.0,161.0,144.0,17659.0,1210.0,1269.0,1255.0,711.0,440.0,237.0,238.0,625.0,1209.0,1296.0,1549.0,1422.0,1180.0,1064.0,809.0,310.0,360.0,259.0,327.0,532.0,508.0,383.0,466.0,33959.0,33582.0,29619.0,3358.0,119.0,230.0,8.0,248.0,377.0,29290.0,619.0,7.74,13971.0,13971.0,12870.0,1101.0,12870.0,8901.0,3969.0,12870.0,3031.0,1222.0,1809.0,9839.0,9276.0,7008.0,3263.0,3745.0,2268.0,515.0,293.0,222.0,1753.0,1092.0,661.0,563.0,345.0,218.0,141.0,170620.0
Wilson Unincorporated,None,54850.0,54850.0,27530.0,1803.0,2084.0,2246.0,1281.0,683.0,262.0,265.0,713.0,1552.0,2030.0,2456.0,2497.0,2329.0,2128.0,1746.0,567.0,718.0,361.0,491.0,595.0,388.0,208.0,127.0,27320.0,1754.0,1945.0,2060.0,1155.0,570.0,234.0,221.0,685.0,1602.0,2094.0,2692.0,2617.0,2281.0,2102.0,1608.0,512.0,645.0,384.0,452.0,636.0,493.0,306.0,272.0,54850.0,54408.0,51642.0,2205.0,169.0,196.0,16.0,180.0,442.0,51348.0,508.0,-5.07,20950.0,20950.0,19928.0,1022.0,19928.0,17806.0,2122.0,19928.0,2899.0,1470.0,1429.0,17029.0,16319.0,14061.0,6280.0,7781.0,2258.0,697.0,407.0,290.0,1561.0,850.0,711.0,710.0,444.0,266.0,-94.0,-170431.0
Cheatham Incorporated,None,11494.0,11494.0,5725.0,467.0,487.0,493.0,247.0,149.0,59.0,64.0,193.0,380.0,461.0,544.0,518.0,437.0,374.0,239.0,85.0,105.0,55.0,89.0,118.0,87.0,45.0,29.0,5769.0,404.0,447.0,433.0,269.0,108.0,53.0,45.0,169.0,403.0,504.0,589.0,548.0,435.0,344.0,244.0,79.0,113.0,56.0,107.0,146.0,118.0,67.0,88.0,11494.0,11412.0,11037.0,252.0,34.0,30.0,0.0,59.0,82.0,10974.0,142.0,10.91,4368.0,4368.0,4177.0,191.0,4177.0,3281.0,896.0,4177.0,773.0,335.0,438.0,3404.0,3232.0,2610.0,1328.0,1282.0,622.0,169.0,103.0,66.0,453.0,288.0,165.0,172.0,108.0,64.0,188.0,158880.0
Cheatham Unincorporated,None,24418.0,24418.0,12256.0,905.0,986.0,994.0,582.0,291.0,121.0,113.0,377.0,753.0,927.0,1243.0,1099.0,974.0,857.0,642.0,199.0,289.0,166.0,179.0,271.0,139.0,90.0,59.0,12162.0,783.0,883.0,965.0,585.0,261.0,120.0,137.0,349.0,798.0,983.0,1191.0,1101.0,937.0,817.0,606.0,210.0,260.0,161.0,205.0,287.0,209.0,137.0,177.0,24418.0,24248.0,23746.0,280.0,101.0,33.0,17.0,71.0,170.0,23532.0,295.0,-8.15,9140.0,9140.0,8701.0,439.0,8701.0,7492.0,1209.0,8701.0,1404.0,707.0,697.0,7297.0,6930.0,5746.0,2698.0,3048.0,1184.0,395.0,254.0,141.0,789.0,426.0,363.0,367.0,222.0,145.0,-141.0,-158859.0
Dickson Incorporated,None,17400.0,17400.0,8295.0,640.0,699.0,659.0,358.0,201.0,102.0,90.0,315.0,656.0,663.0,627.0,628.0,543.0,502.0,378.0,132.0,209.0,123.0,167.0,228.0,179.0,120.0,76.0,9105.0,623.0,609.0,572.0,359.0,237.0,124.0,106.0,373.0,626.0,641.0,667.0,682.0,577.0,562.0,451.0,133.0,230.0,139.0,238.0,316.0,307.0,268.0,265.0,17400.0,17155.0,15647.0,1245.0,84.0,74.0,1.0,104.0,245.0,15514.0,273.0,14.67,7449.0,7449.0,6962.0,487.0,6962.0,4438.0,2524.0,6962.0,1958.0,767.0,1191.0,5004.0,4719.0,3382.0,1459.0,1923.0,1337.0,274.0,170.0,104.0,1063.0,681.0,382.0,285.0,172.0,113.0,282.0,269500.0
Dickson Unincorporated,None,25756.0,25756.0,12863.0,898.0,987.0,1067.0,599.0,356.0,148.0,146.0,386.0,760.0,931.0,1152.0,1128.0,924.0,859.0,726.0,252.0,339.0,215.0,261.0,310.0,235.0,122.0,62.0,12893.0,814.0,975.0,1029.0,598.0,295.0,122.0,121.0,371.0,833.0,1008.0,1086.0,1146.0,936.0,869.0,678.0,248.0,326.0,183.0,267.0,377.0,272.0,194.0,145.0,25756.0,25563.0,24596.0,733.0,88.0,42.0,4.0,100.0,193.0,24506.0,211.0,-12.08,10165.0,10165.0,9511.0,654.0,9511.0,8101.0,1410.0,9511.0,1720.0,824.0,896.0,7791.0,7456.0,6222.0,2863.0,3359.0,1234.0,396.0,217.0,179.0,838.0,481.0,357.0,335.0,212.0,123.0,-235.0,-269457.0
Humphreys Incorporated,None,7635.0,7635.0,3625.0,261.0,266.0,240.0,152.0,98.0,40.0,41.0,111.0,224.0,229.0,269.0,290.0,253.0,246.0,218.0,73.0,114.0,61.0,100.0,139.0,109.0,56.0,35.0,4010.0,232.0,260.0,244.0,148.0,80.0,42.0,32.0,124.0,283.0,236.0,281.0,275.0,294.0,270.0,221.0,92.0,121.0,76.0,124.0,199.0,162.0,119.0,95.0,7635.0,7570.0,7110.0,413.0,11.0,16.0,1.0,19.0,65.0,7081.0,66.0,7.16,3523.0,3523.0,3188.0,335.0,3188.0,2250.0,938.0,3188.0,904.0,338.0,566.0,2284.0,2173.0,1679.0,622.0,1057.0,494.0,101.0,58.0,43.0,393.0,259.0,134.0,111.0,64.0,47.0,141.0,176220.0
Humphreys Unincorporated,None,10294.0,10294.0,5194.0,306.0,344.0,420.0,250.0,116.0,68.0,69.0,169.0,313.0,307.0,382.0,411.0,382.0,378.0,371.0,129.0,161.0,92.0,140.0,173.0,116.0,58.0,39.0,5100.0,273.0,337.0,340.0,209.0,118.0,47.0,57.0,154.0,319.0,335.0,388.0,393.0,390.0,363.0,335.0,100.0,180.0,98.0,131.0,195.0,128.0,117.0,93.0,10294.0,10207.0,10015.0,114.0,37.0,30.0,1.0,10.0,87.0,9949.0,82.0,-4.720000000000001,4959.0,4959.0,4050.0,909.0,4050.0,3391.0,659.0,4050.0,904.0,450.0,454.0,3146.0,2972.0,2465.0,994.0,1471.0,507.0,165.0,81.0,84.0,342.0,182.0,160.0,174.0,116.0,58.0,-94.0,-176135.0
Montgomery Incorporated,None,103455.0,103455.0,51950.0,4749.0,4477.0,4028.0,2142.0,1709.0,1134.0,1199.0,3514.0,5530.0,4756.0,4368.0,3684.0,2755.0,2201.0,1509.0,517.0,704.0,446.0,690.0,841.0,501.0,287.0,209.0,51505.0,4546.0,4112.0,3679.0,2072.0,1630.0,1004.0,1001.0,2883.0,5008.0,4373.0,4374.0,3802.0,2898.0,2294.0,1747.0,655.0,888.0,557.0,754.0,1061.0,934.0,627.0,606.0,103455.0,100044.0,70254.0,24030.0,560.0,2233.0,262.0,2705.0,3411.0,67562.0,6241.0,2.69,40041.0,40041.0,36969.0,3072.0,36969.0,21275.0,15694.0,36969.0,7792.0,3786.0,4006.0,29177.0,26965.0,20834.0,11139.0,9695.0,6131.0,1299.0,784.0,515.0,4832.0,3340.0,1492.0,2212.0,1453.0,759.0,47.0,15160.0
Montgomery Unincorporated,None,31313.0,31313.0,15825.0,1152.0,1274.0,1312.0,721.0,419.0,183.0,181.0,536.0,1078.0,1271.0,1474.0,1397.0,1133.0,999.0,742.0,255.0,366.0,208.0,321.0,383.0,203.0,130.0,87.0,15488.0,1006.0,1223.0,1199.0,637.0,357.0,144.0,167.0,491.0,979.0,1246.0,1466.0,1394.0,1120.0,1000.0,782.0,226.0,397.0,222.0,314.0,379.0,345.0,217.0,177.0,31313.0,30805.0,28357.0,1818.0,149.0,222.0,25.0,234.0,508.0,27953.0,719.0,0.010000000000000231,12126.0,12126.0,11361.0,765.0,11361.0,9425.0,1936.0,11361.0,1948.0,941.0,1007.0,9413.0,8999.0,7537.0,3563.0,3974.0,1462.0,402.0,227.0,175.0,1060.0,611.0,449.0,414.0,283.0,131.0,0.0,-15035.0
